"../../../Engine/Plugins/Animation/ACLPlugin/Content/ACLAnimCurveCompressionSettings.uasset" 0
"../../../Engine/Plugins/Animation/ACLPlugin/Content/ACLAnimCurveCompressionSettings.uexp" 1
"../../../Engine/Plugins/Animation/ACLPlugin/Content/ACLAnimBoneCompressionSettings.uasset" 2
"../../../Engine/Plugins/Animation/ACLPlugin/Content/ACLAnimBoneCompressionSettings.uexp" 3
"../../../Engine/Plugins/2D/Paper2D/Content/PlaceholderTextures/DummySpriteTexture.ubulk" 4
"../../../Engine/Plugins/2D/Paper2D/Content/PlaceholderTextures/DummySpriteTexture.uasset" 5
"../../../Engine/Plugins/2D/Paper2D/Content/PlaceholderTextures/DummySpriteTexture.uexp" 6
"../../../Engine/Plugins/2D/Paper2D/Content/DummySprite.uasset" 7
"../../../Engine/Plugins/2D/Paper2D/Content/DummySprite.uexp" 8
"../../../Engine/Plugins/2D/Paper2D/Content/DefaultPaperTerrainMaterial.uasset" 9
"../../../Engine/Plugins/2D/Paper2D/Content/DefaultPaperTerrainMaterial.uexp" 10
"../../../Engine/Content/Animation/DefaultVariableFrameStrippingSettings.uasset" 11
"../../../Engine/Content/Animation/DefaultVariableFrameStrippingSettings.uexp" 12
"../../../Engine/Content/Animation/DefaultRecorderBoneCompression.uasset" 13
"../../../Engine/Content/Animation/DefaultRecorderBoneCompression.uexp" 14
"../../../Engine/Content/EngineSounds/Master.uasset" 15
"../../../Engine/Content/EngineSounds/Master.uexp" 16
"../../../Engine/Content/EngineMaterials/DefaultPhysicalMaterial.uasset" 17
"../../../Engine/Content/EngineMaterials/DefaultPhysicalMaterial.uexp" 18
"../../../Engine/Content/EngineMaterials/DefaultDestructiblePhysicalMaterial.uasset" 19
"../../../Engine/Content/EngineMaterials/DefaultDestructiblePhysicalMaterial.uexp" 20
"../../../Engine/Content/EngineFonts/Faces/DroidSansFallback.uexp" 21
"../../../Engine/Content/EngineFonts/Faces/DroidSansFallback.uasset" 22
"../../../Engine/Content/EngineFonts/Faces/DroidSansFallback.ufont" 23
"../../../Engine/Content/EngineFonts/Faces/RobotoRegular.uexp" 24
"../../../Engine/Content/EngineFonts/Faces/RobotoRegular.uasset" 25
"../../../Engine/Content/EngineFonts/Faces/RobotoRegular.ufont" 26
"../../../Engine/Content/EngineFonts/Faces/RobotoLight.uexp" 27
"../../../Engine/Content/EngineFonts/Faces/RobotoLight.uasset" 28
"../../../Engine/Content/EngineFonts/Faces/RobotoLight.ufont" 29
"../../../Engine/Content/EngineFonts/Faces/RobotoItalic.uexp" 30
"../../../Engine/Content/EngineFonts/Faces/RobotoItalic.uasset" 31
"../../../Engine/Content/EngineFonts/Faces/RobotoItalic.ufont" 32
"../../../Engine/Content/EngineFonts/Faces/RobotoBoldItalic.uexp" 33
"../../../Engine/Content/EngineFonts/Faces/RobotoBoldItalic.uasset" 34
"../../../Engine/Content/EngineFonts/Faces/RobotoBoldItalic.ufont" 35
"../../../Engine/Content/EngineFonts/Faces/RobotoBold.uexp" 36
"../../../Engine/Content/EngineFonts/Faces/RobotoBold.uasset" 37
"../../../Engine/Content/EngineFonts/Faces/RobotoBold.ufont" 38
"../../../Engine/Content/EngineFonts/Roboto.uasset" 39
"../../../Engine/Content/EngineFonts/Roboto.uexp" 40
"../../../Engine/Content/EngineFonts/Faces/DroidSansMono.uexp" 41
"../../../Engine/Content/EngineFonts/Faces/DroidSansMono.uasset" 42
"../../../Engine/Content/EngineFonts/Faces/DroidSansMono.ufont" 43
"../../../Engine/Content/EngineFonts/DroidSansMono.uasset" 44
"../../../Engine/Content/EngineFonts/DroidSansMono.uexp" 45
"../../../Engine/Plugins/Interchange/Runtime/Content/Pipelines/DefaultTexturePipeline.uasset" 46
"../../../Engine/Plugins/Interchange/Runtime/Content/Pipelines/DefaultTexturePipeline.uexp" 47
"../../../Engine/Plugins/Interchange/Runtime/Content/Pipelines/DefaultSceneLevelPipeline.uasset" 48
"../../../Engine/Plugins/Interchange/Runtime/Content/Pipelines/DefaultSceneLevelPipeline.uexp" 49
"../../../Engine/Plugins/Interchange/Runtime/Content/Pipelines/DefaultSceneAssetsPipeline.uasset" 50
"../../../Engine/Plugins/Interchange/Runtime/Content/Pipelines/DefaultSceneAssetsPipeline.uexp" 51
"../../../Engine/Plugins/Interchange/Runtime/Content/Pipelines/DefaultMaterialXPipeline.uasset" 52
"../../../Engine/Plugins/Interchange/Runtime/Content/Pipelines/DefaultMaterialXPipeline.uexp" 53
"../../../Engine/Plugins/Interchange/Runtime/Content/Pipelines/DefaultMaterialPipeline.uasset" 54
"../../../Engine/Plugins/Interchange/Runtime/Content/Pipelines/DefaultMaterialPipeline.uexp" 55
"../../../Engine/Plugins/Interchange/Runtime/Content/Pipelines/DefaultGLTFSceneAssetsPipeline.uasset" 56
"../../../Engine/Plugins/Interchange/Runtime/Content/Pipelines/DefaultGLTFSceneAssetsPipeline.uexp" 57
"../../../Engine/Plugins/Interchange/Runtime/Content/Pipelines/DefaultGLTFPipeline.uasset" 58
"../../../Engine/Plugins/Interchange/Runtime/Content/Pipelines/DefaultGLTFPipeline.uexp" 59
"../../../Engine/Plugins/Interchange/Runtime/Content/Pipelines/DefaultGLTFAssetsPipeline.uasset" 60
"../../../Engine/Plugins/Interchange/Runtime/Content/Pipelines/DefaultGLTFAssetsPipeline.uexp" 61
"../../../Engine/Plugins/Interchange/Runtime/Content/Pipelines/DefaultAssetsPipeline.uasset" 62
"../../../Engine/Plugins/Interchange/Runtime/Content/Pipelines/DefaultAssetsPipeline.uexp" 63
"../../../Engine/Plugins/Animation/ControlRig/Content/Controls/DefaultGizmoLibraryNormalized.uasset" 64
"../../../Engine/Plugins/Animation/ControlRig/Content/Controls/DefaultGizmoLibraryNormalized.uexp" 65
"../../../Engine/Content/MobileResources/HUD/VirtualJoystick_Thumb.uasset" 66
"../../../Engine/Content/MobileResources/HUD/VirtualJoystick_Thumb.uexp" 67
"../../../Engine/Content/MobileResources/HUD/VirtualJoystick_Background.uasset" 68
"../../../Engine/Content/MobileResources/HUD/VirtualJoystick_Background.uexp" 69
"../../../Engine/Content/MobileResources/HUD/DefaultVirtualJoysticks.uasset" 70
"../../../Engine/Content/MobileResources/HUD/DefaultVirtualJoysticks.uexp" 71
"../../../Engine/Content/EngineResources/GradientTexture0.uasset" 72
"../../../Engine/Content/EngineResources/GradientTexture0.uexp" 73
"../../../Engine/Content/EngineResources/Black.uasset" 74
"../../../Engine/Content/EngineResources/Black.uexp" 75
"../../../Engine/Content/EditorResources/S_Actor.ubulk" 76
"../../../Engine/Content/EditorResources/S_Actor.uasset" 77
"../../../Engine/Content/EditorResources/S_Actor.uexp" 78
"../../../Engine/Content/EditorResources/S_Trigger.ubulk" 79
"../../../Engine/Content/EditorResources/S_Trigger.uasset" 80
"../../../Engine/Content/EditorResources/S_Trigger.uexp" 81
"../../../Engine/Plugins/NNE/NNEDenoiser/Content/NNEDTOM_Output_Default.uasset" 82
"../../../Engine/Plugins/NNE/NNEDenoiser/Content/NNEDTOM_Output_Default.uexp" 83
"../../../Engine/Plugins/NNE/NNEDenoiser/Content/NNEDTOM_Output_Alpha.uasset" 84
"../../../Engine/Plugins/NNE/NNEDenoiser/Content/NNEDTOM_Output_Alpha.uexp" 85
"../../../Engine/Plugins/NNE/NNEDenoiser/Content/NNEDTIM_ColorAlbedoNormal_Default.uasset" 86
"../../../Engine/Plugins/NNE/NNEDenoiser/Content/NNEDTIM_ColorAlbedoNormal_Default.uexp" 87
"../../../Engine/Plugins/NNE/NNEDenoiser/Content/NNEDTIM_ColorAlbedoNormal_Alpha.uasset" 88
"../../../Engine/Plugins/NNE/NNEDenoiser/Content/NNEDTIM_ColorAlbedoNormal_Alpha.uexp" 89
"../../../Engine/Plugins/NNE/NNEDenoiser/Content/NNEDOM_Output_Default.uasset" 90
"../../../Engine/Plugins/NNE/NNEDenoiser/Content/NNEDOM_Output_Default.uexp" 91
"../../../Engine/Plugins/NNE/NNEDenoiser/Content/NNEDOM_Output_Alpha.uasset" 92
"../../../Engine/Plugins/NNE/NNEDenoiser/Content/NNEDOM_Output_Alpha.uexp" 93
"../../../Engine/Plugins/NNE/NNEDenoiser/Content/NNEDIM_HighQuality_Default.uasset" 94
"../../../Engine/Plugins/NNE/NNEDenoiser/Content/NNEDIM_HighQuality_Default.uexp" 95
"../../../Engine/Plugins/NNE/NNEDenoiser/Content/NNEDIM_HighQuality_Alpha.uasset" 96
"../../../Engine/Plugins/NNE/NNEDenoiser/Content/NNEDIM_HighQuality_Alpha.uexp" 97
"../../../Engine/Plugins/NNE/NNEDenoiser/Content/NNEDIM_ColorAlbedoNormal_Default.uasset" 98
"../../../Engine/Plugins/NNE/NNEDenoiser/Content/NNEDIM_ColorAlbedoNormal_Default.uexp" 99
"../../../Engine/Plugins/NNE/NNEDenoiser/Content/NNEDIM_ColorAlbedoNormal_Alpha.uasset" 100
"../../../Engine/Plugins/NNE/NNEDenoiser/Content/NNEDIM_ColorAlbedoNormal_Alpha.uexp" 101
"../../../Engine/Content/EngineMaterials/T_Default_Material_Grid_M.ubulk" 102
"../../../Engine/Content/EngineMaterials/T_Default_Material_Grid_M.uasset" 103
"../../../Engine/Content/EngineMaterials/T_Default_Material_Grid_M.uexp" 104
"../../../Engine/Content/Functions/Engine_MaterialFunctions01/Opacity/CameraDepthFade.uasset" 105
"../../../Engine/Content/Functions/Engine_MaterialFunctions01/Opacity/CameraDepthFade.uexp" 106
"../../../Engine/Content/EngineMaterials/T_Default_Material_Grid_N.ubulk" 107
"../../../Engine/Content/EngineMaterials/T_Default_Material_Grid_N.uasset" 108
"../../../Engine/Content/EngineMaterials/T_Default_Material_Grid_N.uexp" 109
"../../../Engine/Content/EngineMaterials/WorldGridMaterial.uasset" 110
"../../../Engine/Content/EngineMaterials/WorldGridMaterial.uexp" 111
"../../../Engine/Plugins/Media/MediaPlate/Content/SM_MediaPlateScreen.ubulk" 112
"../../../Engine/Plugins/Media/MediaPlate/Content/SM_MediaPlateScreen.uasset" 113
"../../../Engine/Plugins/Media/MediaPlate/Content/SM_MediaPlateScreen.uexp" 114
"../../../Engine/Content/Functions/Engine_MaterialFunctions02/WorldPositionOffset/CameraOffset.uasset" 115
"../../../Engine/Content/Functions/Engine_MaterialFunctions02/WorldPositionOffset/CameraOffset.uexp" 116
"../../../Engine/Plugins/Animation/ControlRig/Content/M_Manip.uasset" 117
"../../../Engine/Plugins/Animation/ControlRig/Content/M_Manip.uexp" 118
"../../../Engine/Content/EngineMaterials/DefaultMaterial.uasset" 119
"../../../Engine/Content/EngineMaterials/DefaultMaterial.uexp" 120
"../../../Engine/Content/BasicShapes/Sphere.ubulk" 121
"../../../Engine/Content/BasicShapes/Sphere.uasset" 122
"../../../Engine/Content/BasicShapes/Sphere.uexp" 123
"../../../Engine/Content/BasicShapes/Plane.ubulk" 124
"../../../Engine/Content/BasicShapes/Plane.uasset" 125
"../../../Engine/Content/BasicShapes/Plane.uexp" 126
"../../../Engine/Content/BasicShapes/Cylinder.ubulk" 127
"../../../Engine/Content/BasicShapes/Cylinder.uasset" 128
"../../../Engine/Content/BasicShapes/Cylinder.uexp" 129
"../../../Engine/Content/BasicShapes/Cone.ubulk" 130
"../../../Engine/Content/BasicShapes/Cone.uasset" 131
"../../../Engine/Content/BasicShapes/Cone.uexp" 132
"../../../Engine/Content/EditorMaterials/PreviewShadowIndicator.ubulk" 133
"../../../Engine/Content/EditorMaterials/PreviewShadowIndicator.uasset" 134
"../../../Engine/Content/EditorMaterials/PreviewShadowIndicator.uexp" 135
"../../../Engine/Content/EditorMaterials/PreviewShadowIndicatorMaterial.uasset" 136
"../../../Engine/Content/EditorMaterials/PreviewShadowIndicatorMaterial.uexp" 137
"../../../Engine/Content/EditorMaterials/PhAT_UnselectedMaterial.uasset" 138
"../../../Engine/Content/EditorMaterials/PhAT_UnselectedMaterial.uexp" 139
"../../../Engine/Content/EditorMaterials/PhAT_NoCollisionMaterial.uasset" 140
"../../../Engine/Content/EditorMaterials/PhAT_NoCollisionMaterial.uexp" 141
"../../../Engine/Content/EditorLandscapeResources/SplineEditorMeshMat.uasset" 142
"../../../Engine/Content/EditorLandscapeResources/SplineEditorMeshMat.uexp" 143
"../../../Engine/Content/EditorLandscapeResources/SplineEditorMesh.ubulk" 144
"../../../Engine/Content/EditorLandscapeResources/SplineEditorMesh.uasset" 145
"../../../Engine/Content/EditorLandscapeResources/SplineEditorMesh.uexp" 146
"../../../Engine/Content/EditorLandscapeResources/WhiteSquareTexture.uasset" 147
"../../../Engine/Content/EditorLandscapeResources/WhiteSquareTexture.uexp" 148
"../../../Engine/Content/EditorLandscapeResources/LayerVisMaterial.uasset" 149
"../../../Engine/Content/EditorLandscapeResources/LayerVisMaterial.uexp" 150
"../../../Engine/Content/Functions/Engine_MaterialFunctions02/Utility/BreakOutFloat2Components.uasset" 151
"../../../Engine/Content/Functions/Engine_MaterialFunctions02/Utility/BreakOutFloat2Components.uexp" 152
"../../../Engine/Content/Functions/Engine_MaterialFunctions01/Texturing/ScaleUVsByCenter.uasset" 153
"../../../Engine/Content/Functions/Engine_MaterialFunctions01/Texturing/ScaleUVsByCenter.uexp" 154
"../../../Engine/Content/Functions/Engine_MaterialFunctions02/WorldPositionOffset/LocalPosition.uasset" 155
"../../../Engine/Content/Functions/Engine_MaterialFunctions02/WorldPositionOffset/LocalPosition.uexp" 156
"../../../Engine/Content/EngineMaterials/DefaultDiffuse.ubulk" 157
"../../../Engine/Content/EngineMaterials/DefaultDiffuse.uasset" 158
"../../../Engine/Content/EngineMaterials/DefaultDiffuse.uexp" 159
"../../../Engine/Content/Functions/Engine_MaterialFunctions01/Texturing/TextureCropping.uasset" 160
"../../../Engine/Content/Functions/Engine_MaterialFunctions01/Texturing/TextureCropping.uexp" 161
"../../../Engine/Content/Functions/Engine_MaterialFunctions02/ExampleContent/DebugNumberStrip.uasset" 162
"../../../Engine/Content/Functions/Engine_MaterialFunctions02/ExampleContent/DebugNumberStrip.uexp" 163
"../../../Engine/Content/Functions/Engine_MaterialFunctions01/Debug/DebugIntValues.uasset" 164
"../../../Engine/Content/Functions/Engine_MaterialFunctions01/Debug/DebugIntValues.uexp" 165
"../../../Engine/Content/EditorLandscapeResources/LandscapeLayerUsageMaterial.uasset" 166
"../../../Engine/Content/EditorLandscapeResources/LandscapeLayerUsageMaterial.uexp" 167
"../../../Engine/Content/EditorLandscapeResources/DefaultAlphaTexture.uasset" 168
"../../../Engine/Content/EditorLandscapeResources/DefaultAlphaTexture.uexp" 169
"../../../Engine/Content/EditorLandscapeResources/LandscapeDirtyMaterial.uasset" 170
"../../../Engine/Content/EditorLandscapeResources/LandscapeDirtyMaterial.uexp" 171
"../../../Engine/Content/EditorResources/S_BoxReflectionCapture.uasset" 172
"../../../Engine/Content/EditorResources/S_BoxReflectionCapture.uexp" 173
"../../../Engine/Content/EngineResources/DefaultTexture.ubulk" 174
"../../../Engine/Content/EngineResources/DefaultTexture.uasset" 175
"../../../Engine/Content/EngineResources/DefaultTexture.uexp" 176
"../../../Engine/Content/EngineMeshes/Sphere.ubulk" 177
"../../../Engine/Content/EngineMeshes/Sphere.uasset" 178
"../../../Engine/Content/EngineMeshes/Sphere.uexp" 179
"../../../Engine/Content/EngineMaterials/RemoveSurfaceMaterial.uasset" 180
"../../../Engine/Content/EngineMaterials/RemoveSurfaceMaterial.uexp" 181
"../../../Engine/Content/EngineMaterials/PreintegratedSkinBRDF.uasset" 182
"../../../Engine/Content/EngineMaterials/PreintegratedSkinBRDF.uexp" 183
"../../../Engine/Content/EngineMaterials/DefaultCalibrationGrayscale.uasset" 184
"../../../Engine/Content/EngineMaterials/DefaultCalibrationGrayscale.uexp" 185
"../../../Engine/Content/EngineMaterials/PPM_DefaultCalibrationGrayscale.uasset" 186
"../../../Engine/Content/EngineMaterials/PPM_DefaultCalibrationGrayscale.uexp" 187
"../../../Engine/Content/EngineMaterials/DefaultCalibrationColor.uasset" 188
"../../../Engine/Content/EngineMaterials/DefaultCalibrationColor.uexp" 189
"../../../Engine/Content/EngineMaterials/PPM_DefaultCalibrationColor.uasset" 190
"../../../Engine/Content/EngineMaterials/PPM_DefaultCalibrationColor.uexp" 191
"../../../Engine/Content/EngineMaterials/PhAT_JointLimitMaterial.uasset" 192
"../../../Engine/Content/EngineMaterials/PhAT_JointLimitMaterial.uexp" 193
"../../../Engine/Content/EngineMaterials/NaniteHiddenSectionMaterial.uasset" 194
"../../../Engine/Content/EngineMaterials/NaniteHiddenSectionMaterial.uexp" 195
"../../../Engine/Content/EngineMaterials/InvalidLightmapSettings.ubulk" 196
"../../../Engine/Content/EngineMaterials/InvalidLightmapSettings.uasset" 197
"../../../Engine/Content/EngineMaterials/InvalidLightmapSettings.uexp" 198
"../../../Engine/Content/EngineMaterials/M_InvalidLightmapSettings.uasset" 199
"../../../Engine/Content/EngineMaterials/M_InvalidLightmapSettings.uexp" 200
"../../../Engine/Content/EngineMaterials/MiniFont.uasset" 201
"../../../Engine/Content/EngineMaterials/MiniFont.uexp" 202
"../../../Engine/Content/EngineMaterials/GizmoMaterial.uasset" 203
"../../../Engine/Content/EngineMaterials/GizmoMaterial.uexp" 204
"../../../Engine/Content/EngineMaterials/BaseFlattenDiffuseMap_VT.ubulk" 205
"../../../Engine/Content/EngineMaterials/BaseFlattenDiffuseMap_VT.uasset" 206
"../../../Engine/Content/EngineMaterials/BaseFlattenDiffuseMap_VT.uexp" 207
"../../../Engine/Content/EngineMaterials/BaseFlattenEmissiveMap_VT.ubulk" 208
"../../../Engine/Content/EngineMaterials/BaseFlattenEmissiveMap_VT.uasset" 209
"../../../Engine/Content/EngineMaterials/BaseFlattenEmissiveMap_VT.uexp" 210
"../../../Engine/Content/EngineMaterials/BaseFlattenGrayscaleMap_VT.ubulk" 211
"../../../Engine/Content/EngineMaterials/BaseFlattenGrayscaleMap_VT.uasset" 212
"../../../Engine/Content/EngineMaterials/BaseFlattenGrayscaleMap_VT.uexp" 213
"../../../Engine/Content/EngineMaterials/BaseFlattenLinearColor_VT.ubulk" 214
"../../../Engine/Content/EngineMaterials/BaseFlattenLinearColor_VT.uasset" 215
"../../../Engine/Content/EngineMaterials/BaseFlattenLinearColor_VT.uexp" 216
"../../../Engine/Content/EngineMaterials/BaseFlattenNormalMap_VT.ubulk" 217
"../../../Engine/Content/EngineMaterials/BaseFlattenNormalMap_VT.uasset" 218
"../../../Engine/Content/EngineMaterials/BaseFlattenNormalMap_VT.uexp" 219
"../../../Engine/Content/EngineMaterials/Black_1x1_EXR_Texture_VT.ubulk" 220
"../../../Engine/Content/EngineMaterials/Black_1x1_EXR_Texture_VT.uasset" 221
"../../../Engine/Content/EngineMaterials/Black_1x1_EXR_Texture_VT.uexp" 222
"../../../Engine/Content/EngineMaterials/FlattenMaterial_WS_Normal_VT.uasset" 223
"../../../Engine/Content/EngineMaterials/FlattenMaterial_WS_Normal_VT.uexp" 224
"../../../Engine/Content/EngineMaterials/FlattenMaterial_VT.uasset" 225
"../../../Engine/Content/EngineMaterials/FlattenMaterial_VT.uexp" 226
"../../../Engine/Content/EngineMaterials/BaseFlattenNormalMap.uasset" 227
"../../../Engine/Content/EngineMaterials/BaseFlattenNormalMap.uexp" 228
"../../../Engine/Content/EngineMaterials/BaseFlattenDiffuseMap.uasset" 229
"../../../Engine/Content/EngineMaterials/BaseFlattenDiffuseMap.uexp" 230
"../../../Engine/Content/EngineMaterials/BaseFlattenEmissiveMap.uasset" 231
"../../../Engine/Content/EngineMaterials/BaseFlattenEmissiveMap.uexp" 232
"../../../Engine/Content/EngineMaterials/BaseFlattenGrayscaleMap.uasset" 233
"../../../Engine/Content/EngineMaterials/BaseFlattenGrayscaleMap.uexp" 234
"../../../Engine/Content/EngineMaterials/BaseFlattenLinearColor.uasset" 235
"../../../Engine/Content/EngineMaterials/BaseFlattenLinearColor.uexp" 236
"../../../Engine/Content/Functions/Engine_MaterialFunctions02/PivotPainter2/Black_1x1_EXR_Texture.uasset" 237
"../../../Engine/Content/Functions/Engine_MaterialFunctions02/PivotPainter2/Black_1x1_EXR_Texture.uexp" 238
"../../../Engine/Content/EngineMaterials/FlattenMaterial.uasset" 239
"../../../Engine/Content/EngineMaterials/FlattenMaterial.uexp" 240
"../../../Engine/Content/EngineMaterials/FastBlueNoise_vec2_128x128x64.uasset" 241
"../../../Engine/Content/EngineMaterials/FastBlueNoise_vec2_128x128x64.uexp" 242
"../../../Engine/Content/EngineMaterials/FastBlueNoise_scalar_128x128x8.uasset" 243
"../../../Engine/Content/EngineMaterials/FastBlueNoise_scalar_128x128x8.uexp" 244
"../../../Engine/Content/EngineMaterials/FastBlueNoise_scalar_128x128x64.uasset" 245
"../../../Engine/Content/EngineMaterials/FastBlueNoise_scalar_128x128x64.uexp" 246
"../../../Engine/Content/EngineMaterials/DefaultWhiteGrid_Low.uasset" 247
"../../../Engine/Content/EngineMaterials/DefaultWhiteGrid_Low.uexp" 248
"../../../Engine/Content/EngineMaterials/EmissiveMeshMaterial.uasset" 249
"../../../Engine/Content/EngineMaterials/EmissiveMeshMaterial.uexp" 250
"../../../Engine/Content/EngineMaterials/DefaultWhiteGrid.ubulk" 251
"../../../Engine/Content/EngineMaterials/DefaultWhiteGrid.uasset" 252
"../../../Engine/Content/EngineMaterials/DefaultWhiteGrid.uexp" 253
"../../../Engine/Content/EngineFonts/RobotoDistanceField.uasset" 254
"../../../Engine/Content/EngineFonts/RobotoDistanceField.uexp" 255
"../../../Engine/Content/EngineMaterials/DefaultTextMaterialOpaque.uasset" 256
"../../../Engine/Content/EngineMaterials/DefaultTextMaterialOpaque.uexp" 257
"../../../Engine/Content/EngineMaterials/DefaultPostProcessMaterial.uasset" 258
"../../../Engine/Content/EngineMaterials/DefaultPostProcessMaterial.uexp" 259
"../../../Engine/Content/EngineMaterials/DefaultLightFunctionMaterial.uasset" 260
"../../../Engine/Content/EngineMaterials/DefaultLightFunctionMaterial.uexp" 261
"../../../Engine/Content/EngineMaterials/DefaultDeferredDecalMaterial.uasset" 262
"../../../Engine/Content/EngineMaterials/DefaultDeferredDecalMaterial.uexp" 263
"../../../Engine/Content/EngineMaterials/DefaultBokeh.uasset" 264
"../../../Engine/Content/EngineMaterials/DefaultBokeh.uexp" 265
"../../../Engine/Content/EngineMaterials/DefaultBloomKernel.uasset" 266
"../../../Engine/Content/EngineMaterials/DefaultBloomKernel.uexp" 267
"../../../Engine/Content/Functions/Engine_MaterialFunctions02/Utility/CameraDirectionVector.uasset" 268
"../../../Engine/Content/Functions/Engine_MaterialFunctions02/Utility/CameraDirectionVector.uexp" 269
"../../../Engine/Content/EngineDebugMaterials/VolumeToRender.uasset" 270
"../../../Engine/Content/EngineDebugMaterials/VolumeToRender.uexp" 271
"../../../Engine/Content/EngineDebugMaterials/M_VolumeRenderSphereTracePP.uasset" 272
"../../../Engine/Content/EngineDebugMaterials/M_VolumeRenderSphereTracePP.uexp" 273
"../../../Engine/Content/EngineDebugMaterials/M_SimpleUnlitTranslucent.uasset" 274
"../../../Engine/Content/EngineDebugMaterials/M_SimpleUnlitTranslucent.uexp" 275
"../../../Engine/Content/EngineDebugMaterials/DebugMeshMaterial.uasset" 276
"../../../Engine/Content/EngineDebugMaterials/DebugMeshMaterial.uexp" 277
"../../../Engine/Content/EngineDebugMaterials/DebugEditorMaterial.uasset" 278
"../../../Engine/Content/EngineDebugMaterials/DebugEditorMaterial.uexp" 279
"../../../Engine/Content/EngineDamageTypes/DmgTypeBP_Environmental.uasset" 280
"../../../Engine/Content/EngineDamageTypes/DmgTypeBP_Environmental.uexp" 281
"../../../Engine/Content/EditorResources/S_TriggerSphere.uasset" 282
"../../../Engine/Content/EditorResources/S_TriggerSphere.uexp" 283
"../../../Engine/Content/EditorResources/S_TriggerCapsule.uasset" 284
"../../../Engine/Content/EditorResources/S_TriggerCapsule.uexp" 285
"../../../Engine/Content/EditorResources/S_TriggerBox.uasset" 286
"../../../Engine/Content/EditorResources/S_TriggerBox.uexp" 287
"../../../Engine/Content/EditorResources/S_Terrain.ubulk" 288
"../../../Engine/Content/EditorResources/S_Terrain.uasset" 289
"../../../Engine/Content/EditorResources/S_Terrain.uexp" 290
"../../../Engine/Content/EditorResources/S_Solver.ubulk" 291
"../../../Engine/Content/EditorResources/S_Solver.uasset" 292
"../../../Engine/Content/EditorResources/S_Solver.uexp" 293
"../../../Engine/Content/EditorResources/BSPVertex.uasset" 294
"../../../Engine/Content/EditorResources/BSPVertex.uexp" 295
"C:/Users/howli/Documents/Unreal Projects/SpriteTest 5.6/Content/AnimationLogic.uasset" 296
"C:/Users/howli/Documents/Unreal Projects/SpriteTest 5.6/Content/AnimationLogic.uexp" 297
"../../../Engine/Plugins/2D/Paper2D/Content/DefaultSpriteMaterial.uasset" 298
"../../../Engine/Plugins/2D/Paper2D/Content/DefaultSpriteMaterial.uexp" 299
"../../../Engine/Plugins/2D/Paper2D/Content/TranslucentUnlitSpriteMaterial.uasset" 300
"../../../Engine/Plugins/2D/Paper2D/Content/TranslucentUnlitSpriteMaterial.uexp" 301
"C:/Users/howli/Documents/Unreal Projects/SpriteTest 5.6/Content/Spritesheets/Wall_JumpDraft2/Wall_Jump_ss_Draft__2.uasset" 302
"C:/Users/howli/Documents/Unreal Projects/SpriteTest 5.6/Content/Spritesheets/Wall_JumpDraft2/Wall_Jump_ss_Draft__2.uexp" 303
"C:/Users/howli/Documents/Unreal Projects/SpriteTest 5.6/Content/Spritesheets/Wall_JumpDraft2/Wall_Jump_ss_Draft__2_Sprite_0.uasset" 304
"C:/Users/howli/Documents/Unreal Projects/SpriteTest 5.6/Content/Spritesheets/Wall_JumpDraft2/Wall_Jump_ss_Draft__2_Sprite_0.uexp" 305
"C:/Users/howli/Documents/Unreal Projects/SpriteTest 5.6/Content/Spritesheets/Wall_JumpDraft2/Wall_Jump_ss_Draft__2_Sprite_1.uasset" 306
"C:/Users/howli/Documents/Unreal Projects/SpriteTest 5.6/Content/Spritesheets/Wall_JumpDraft2/Wall_Jump_ss_Draft__2_Sprite_1.uexp" 307
"C:/Users/howli/Documents/Unreal Projects/SpriteTest 5.6/Content/Spritesheets/Wall_JumpDraft2/Wall_Jump_ss_Draft__2_Sprite_2.uasset" 308
"C:/Users/howli/Documents/Unreal Projects/SpriteTest 5.6/Content/Spritesheets/Wall_JumpDraft2/Wall_Jump_ss_Draft__2_Sprite_2.uexp" 309
"C:/Users/howli/Documents/Unreal Projects/SpriteTest 5.6/Content/Spritesheets/Wall_JumpDraft2/Wall_Jump_ss_Draft__2_Sprite_3.uasset" 310
"C:/Users/howli/Documents/Unreal Projects/SpriteTest 5.6/Content/Spritesheets/Wall_JumpDraft2/Wall_Jump_ss_Draft__2_Sprite_3.uexp" 311
"C:/Users/howli/Documents/Unreal Projects/SpriteTest 5.6/Content/Spritesheets/Wall_JumpDraft2/Wall_Jump_ss_Draft__2_Sprite_4.uasset" 312
"C:/Users/howli/Documents/Unreal Projects/SpriteTest 5.6/Content/Spritesheets/Wall_JumpDraft2/Wall_Jump_ss_Draft__2_Sprite_4.uexp" 313
"C:/Users/howli/Documents/Unreal Projects/SpriteTest 5.6/Content/Spritesheets/Wall_JumpDraft2/Wall_Jump_ss_Draft__2_Sprite_5.uasset" 314
"C:/Users/howli/Documents/Unreal Projects/SpriteTest 5.6/Content/Spritesheets/Wall_JumpDraft2/Wall_Jump_ss_Draft__2_Sprite_5.uexp" 315
"C:/Users/howli/Documents/Unreal Projects/SpriteTest 5.6/Content/Spritesheets/Wall_JumpDraft2/Wall_Jump_ss_Draft__2_Sprite_6.uasset" 316
"C:/Users/howli/Documents/Unreal Projects/SpriteTest 5.6/Content/Spritesheets/Wall_JumpDraft2/Wall_Jump_ss_Draft__2_Sprite_6.uexp" 317
"C:/Users/howli/Documents/Unreal Projects/SpriteTest 5.6/Content/Spritesheets/Wall_JumpDraft2/Wall_Jump_ss_Draft__2_Sprite_7.uasset" 318
"C:/Users/howli/Documents/Unreal Projects/SpriteTest 5.6/Content/Spritesheets/Wall_JumpDraft2/Wall_Jump_ss_Draft__2_Sprite_7.uexp" 319
"C:/Users/howli/Documents/Unreal Projects/SpriteTest 5.6/Content/Spritesheets/Wall_JumpDraft2/Wall_Jump_ss_Draft__2_Sprite_8.uasset" 320
"C:/Users/howli/Documents/Unreal Projects/SpriteTest 5.6/Content/Spritesheets/Wall_JumpDraft2/Wall_Jump_ss_Draft__2_Sprite_8.uexp" 321
"C:/Users/howli/Documents/Unreal Projects/SpriteTest 5.6/Content/Spritesheets/Wall_JumpDraft2/Wall_Jump_ss_Draft__2_Sprite_9.uasset" 322
"C:/Users/howli/Documents/Unreal Projects/SpriteTest 5.6/Content/Spritesheets/Wall_JumpDraft2/Wall_Jump_ss_Draft__2_Sprite_9.uexp" 323
"C:/Users/howli/Documents/Unreal Projects/SpriteTest 5.6/Content/Spritesheets/Wall_JumpDraft2/Wall_Jump_ss_Draft__2_Sprite_10.uasset" 324
"C:/Users/howli/Documents/Unreal Projects/SpriteTest 5.6/Content/Spritesheets/Wall_JumpDraft2/Wall_Jump_ss_Draft__2_Sprite_10.uexp" 325
"C:/Users/howli/Documents/Unreal Projects/SpriteTest 5.6/Content/Spritesheets/Wall_JumpDraft2/Wall_Jump_ss_Draft__2_Sprite_11.uasset" 326
"C:/Users/howli/Documents/Unreal Projects/SpriteTest 5.6/Content/Spritesheets/Wall_JumpDraft2/Wall_Jump_ss_Draft__2_Sprite_11.uexp" 327
"C:/Users/howli/Documents/Unreal Projects/SpriteTest 5.6/Content/Spritesheets/Wall_JumpDraft2/Wall_Jump_ss_Draft__2_Sprite_12.uasset" 328
"C:/Users/howli/Documents/Unreal Projects/SpriteTest 5.6/Content/Spritesheets/Wall_JumpDraft2/Wall_Jump_ss_Draft__2_Sprite_12.uexp" 329
"C:/Users/howli/Documents/Unreal Projects/SpriteTest 5.6/Content/Spritesheets/Wall_JumpDraft2/Wall_Jump_ss_Draft__2_Sprite_13.uasset" 330
"C:/Users/howli/Documents/Unreal Projects/SpriteTest 5.6/Content/Spritesheets/Wall_JumpDraft2/Wall_Jump_ss_Draft__2_Sprite_13.uexp" 331
"C:/Users/howli/Documents/Unreal Projects/SpriteTest 5.6/Content/Spritesheets/Wall_JumpDraft2/Wall_Jump_ss_Draft__2_Sprite_14.uasset" 332
"C:/Users/howli/Documents/Unreal Projects/SpriteTest 5.6/Content/Spritesheets/Wall_JumpDraft2/Wall_Jump_ss_Draft__2_Sprite_14.uexp" 333
"C:/Users/howli/Documents/Unreal Projects/SpriteTest 5.6/Content/Spritesheets/Wall_JumpDraft2/Wall_Jump_ss_Draft__2_Sprite_15.uasset" 334
"C:/Users/howli/Documents/Unreal Projects/SpriteTest 5.6/Content/Spritesheets/Wall_JumpDraft2/Wall_Jump_ss_Draft__2_Sprite_15.uexp" 335
"C:/Users/howli/Documents/Unreal Projects/SpriteTest 5.6/Content/Spritesheets/Wall_JumpDraft2/Wall_Jump_ss_Draft__2_Sprite_16.uasset" 336
"C:/Users/howli/Documents/Unreal Projects/SpriteTest 5.6/Content/Spritesheets/Wall_JumpDraft2/Wall_Jump_ss_Draft__2_Sprite_16.uexp" 337
"C:/Users/howli/Documents/Unreal Projects/SpriteTest 5.6/Content/Spritesheets/Wall_JumpDraft2/Wall_Jump_ss_Draft__2_Sprite_17.uasset" 338
"C:/Users/howli/Documents/Unreal Projects/SpriteTest 5.6/Content/Spritesheets/Wall_JumpDraft2/Wall_Jump_ss_Draft__2_Sprite_17.uexp" 339
"C:/Users/howli/Documents/Unreal Projects/SpriteTest 5.6/Content/Spritesheets/Wall_JumpDraft2/Wall_Jump_ss_Draft__2_Sprite_18.uasset" 340
"C:/Users/howli/Documents/Unreal Projects/SpriteTest 5.6/Content/Spritesheets/Wall_JumpDraft2/Wall_Jump_ss_Draft__2_Sprite_18.uexp" 341
"C:/Users/howli/Documents/Unreal Projects/SpriteTest 5.6/Content/Spritesheets/Wall_JumpDraft2/Wall_Jump_ss_Draft__2_Sprite_19.uasset" 342
"C:/Users/howli/Documents/Unreal Projects/SpriteTest 5.6/Content/Spritesheets/Wall_JumpDraft2/Wall_Jump_ss_Draft__2_Sprite_19.uexp" 343
"C:/Users/howli/Documents/Unreal Projects/SpriteTest 5.6/Content/Spritesheets/Wall_JumpDraft2/Wall_Jump_ss_Draft__2_Sprite_20.uasset" 344
"C:/Users/howli/Documents/Unreal Projects/SpriteTest 5.6/Content/Spritesheets/Wall_JumpDraft2/Wall_Jump_ss_Draft__2_Sprite_20.uexp" 345
"C:/Users/howli/Documents/Unreal Projects/SpriteTest 5.6/Content/Spritesheets/Wall_JumpDraft2/Wall_Jump_ss_Draft__2_Sprite_21.uasset" 346
"C:/Users/howli/Documents/Unreal Projects/SpriteTest 5.6/Content/Spritesheets/Wall_JumpDraft2/Wall_Jump_ss_Draft__2_Sprite_21.uexp" 347
"C:/Users/howli/Documents/Unreal Projects/SpriteTest 5.6/Content/Spritesheets/Wall_JumpDraft2/Wall_Jump_ss_Draft__2_Sprite_22.uasset" 348
"C:/Users/howli/Documents/Unreal Projects/SpriteTest 5.6/Content/Spritesheets/Wall_JumpDraft2/Wall_Jump_ss_Draft__2_Sprite_22.uexp" 349
"C:/Users/howli/Documents/Unreal Projects/SpriteTest 5.6/Content/Spritesheets/Wall_JumpDraft2/Wall_Jump_ss_Draft__2_Sprite_23.uasset" 350
"C:/Users/howli/Documents/Unreal Projects/SpriteTest 5.6/Content/Spritesheets/Wall_JumpDraft2/Wall_Jump_ss_Draft__2_Sprite_23.uexp" 351
"C:/Users/howli/Documents/Unreal Projects/SpriteTest 5.6/Content/Spritesheets/Wall_JumpDraft2/Wall_Jump_ss_Draft__2_Sprite_24.uasset" 352
"C:/Users/howli/Documents/Unreal Projects/SpriteTest 5.6/Content/Spritesheets/Wall_JumpDraft2/Wall_Jump_ss_Draft__2_Sprite_24.uexp" 353
"C:/Users/howli/Documents/Unreal Projects/SpriteTest 5.6/Content/Spritesheets/Wall_JumpDraft2/Wall_Jump_ss_Draft__2_Sprite_25.uasset" 354
"C:/Users/howli/Documents/Unreal Projects/SpriteTest 5.6/Content/Spritesheets/Wall_JumpDraft2/Wall_Jump_ss_Draft__2_Sprite_25.uexp" 355
"C:/Users/howli/Documents/Unreal Projects/SpriteTest 5.6/Content/Spritesheets/Wall_JumpDraft2/Wall_Jump_ss_Draft__2_Sprite_26.uasset" 356
"C:/Users/howli/Documents/Unreal Projects/SpriteTest 5.6/Content/Spritesheets/Wall_JumpDraft2/Wall_Jump_ss_Draft__2_Sprite_26.uexp" 357
"C:/Users/howli/Documents/Unreal Projects/SpriteTest 5.6/Content/Spritesheets/Wall_JumpDraft2/Wall_Jump_ss_Draft__2_Sprite_27.uasset" 358
"C:/Users/howli/Documents/Unreal Projects/SpriteTest 5.6/Content/Spritesheets/Wall_JumpDraft2/Wall_Jump_ss_Draft__2_Sprite_27.uexp" 359
"C:/Users/howli/Documents/Unreal Projects/SpriteTest 5.6/Content/Spritesheets/Wall_JumpDraft2/Wall_Jump_ss_Draft__2_Sprite_28.uasset" 360
"C:/Users/howli/Documents/Unreal Projects/SpriteTest 5.6/Content/Spritesheets/Wall_JumpDraft2/Wall_Jump_ss_Draft__2_Sprite_28.uexp" 361
"C:/Users/howli/Documents/Unreal Projects/SpriteTest 5.6/Content/Spritesheets/Wall_JumpDraft2/Wall_Jump_ss_Draft__2_Sprite_29.uasset" 362
"C:/Users/howli/Documents/Unreal Projects/SpriteTest 5.6/Content/Spritesheets/Wall_JumpDraft2/Wall_Jump_ss_Draft__2_Sprite_29.uexp" 363
"C:/Users/howli/Documents/Unreal Projects/SpriteTest 5.6/Content/Spritesheets/Wall_JumpDraft2/Wall_Jump_ss_Draft__2_Sprite_30.uasset" 364
"C:/Users/howli/Documents/Unreal Projects/SpriteTest 5.6/Content/Spritesheets/Wall_JumpDraft2/Wall_Jump_ss_Draft__2_Sprite_30.uexp" 365
"C:/Users/howli/Documents/Unreal Projects/SpriteTest 5.6/Content/Spritesheets/Wall_JumpDraft2/Wall_Jump_ss_Draft__2_Sprite_31.uasset" 366
"C:/Users/howli/Documents/Unreal Projects/SpriteTest 5.6/Content/Spritesheets/Wall_JumpDraft2/Wall_Jump_ss_Draft__2_Sprite_31.uexp" 367
"C:/Users/howli/Documents/Unreal Projects/SpriteTest 5.6/Content/Spritesheets/Wall_JumpDraft2/Wall_Jump_ss_Draft__2_Sprite_32.uasset" 368
"C:/Users/howli/Documents/Unreal Projects/SpriteTest 5.6/Content/Spritesheets/Wall_JumpDraft2/Wall_Jump_ss_Draft__2_Sprite_32.uexp" 369
"C:/Users/howli/Documents/Unreal Projects/SpriteTest 5.6/Content/Spritesheets/Wall_JumpDraft2/Wall_Jump_ss_Draft__2_Sprite_33.uasset" 370
"C:/Users/howli/Documents/Unreal Projects/SpriteTest 5.6/Content/Spritesheets/Wall_JumpDraft2/Wall_Jump_ss_Draft__2_Sprite_33.uexp" 371
"C:/Users/howli/Documents/Unreal Projects/SpriteTest 5.6/Content/Spritesheets/Wall_JumpDraft2/Wall_Jump_ss_Draft__2_Sprite_34.uasset" 372
"C:/Users/howli/Documents/Unreal Projects/SpriteTest 5.6/Content/Spritesheets/Wall_JumpDraft2/Wall_Jump_ss_Draft__2_Sprite_34.uexp" 373
"C:/Users/howli/Documents/Unreal Projects/SpriteTest 5.6/Content/Spritesheets/Wall_JumpDraft2/Wall_Jump_ss_Draft__2_Sprite_35.uasset" 374
"C:/Users/howli/Documents/Unreal Projects/SpriteTest 5.6/Content/Spritesheets/Wall_JumpDraft2/Wall_Jump_ss_Draft__2_Sprite_35.uexp" 375
"C:/Users/howli/Documents/Unreal Projects/SpriteTest 5.6/Content/Spritesheets/Wall_JumpDraft2/Wall_Jump_ss_Draft__2_Sprite_36.uasset" 376
"C:/Users/howli/Documents/Unreal Projects/SpriteTest 5.6/Content/Spritesheets/Wall_JumpDraft2/Wall_Jump_ss_Draft__2_Sprite_36.uexp" 377
"C:/Users/howli/Documents/Unreal Projects/SpriteTest 5.6/Content/Spritesheets/Wall_JumpDraft2/Wall_Jump_ss_Draft__2_Sprite_37.uasset" 378
"C:/Users/howli/Documents/Unreal Projects/SpriteTest 5.6/Content/Spritesheets/Wall_JumpDraft2/Wall_Jump_ss_Draft__2_Sprite_37.uexp" 379
"C:/Users/howli/Documents/Unreal Projects/SpriteTest 5.6/Content/Spritesheets/Wall_JumpDraft2/Wall_Jump_ss_Draft__2_Sprite_38.uasset" 380
"C:/Users/howli/Documents/Unreal Projects/SpriteTest 5.6/Content/Spritesheets/Wall_JumpDraft2/Wall_Jump_ss_Draft__2_Sprite_38.uexp" 381
"C:/Users/howli/Documents/Unreal Projects/SpriteTest 5.6/Content/Spritesheets/Wall_JumpDraft2/Wall_Jump_ss_Draft__2_Sprite_39.uasset" 382
"C:/Users/howli/Documents/Unreal Projects/SpriteTest 5.6/Content/Spritesheets/Wall_JumpDraft2/Wall_Jump_ss_Draft__2_Sprite_39.uexp" 383
"C:/Users/howli/Documents/Unreal Projects/SpriteTest 5.6/Content/Spritesheets/Wall_JumpDraft2/Wall_Jump_ss_Draft__2_Sprite_40.uasset" 384
"C:/Users/howli/Documents/Unreal Projects/SpriteTest 5.6/Content/Spritesheets/Wall_JumpDraft2/Wall_Jump_ss_Draft__2_Sprite_40.uexp" 385
"C:/Users/howli/Documents/Unreal Projects/SpriteTest 5.6/Content/Spritesheets/Wall_JumpDraft2/Wall_Jump_ss_Draft__2_Sprite_41.uasset" 386
"C:/Users/howli/Documents/Unreal Projects/SpriteTest 5.6/Content/Spritesheets/Wall_JumpDraft2/Wall_Jump_ss_Draft__2_Sprite_41.uexp" 387
"C:/Users/howli/Documents/Unreal Projects/SpriteTest 5.6/Content/Spritesheets/Wall_JumpDraft2/Wall_Jump_ss_Draft__2_Sprite_42.uasset" 388
"C:/Users/howli/Documents/Unreal Projects/SpriteTest 5.6/Content/Spritesheets/Wall_JumpDraft2/Wall_Jump_ss_Draft__2_Sprite_42.uexp" 389
"C:/Users/howli/Documents/Unreal Projects/SpriteTest 5.6/Content/Spritesheets/Wall_JumpDraft2/Wall_Jump_ss_Draft__2_Sprite_43.uasset" 390
"C:/Users/howli/Documents/Unreal Projects/SpriteTest 5.6/Content/Spritesheets/Wall_JumpDraft2/Wall_Jump_ss_Draft__2_Sprite_43.uexp" 391
"C:/Users/howli/Documents/Unreal Projects/SpriteTest 5.6/Content/Spritesheets/Wall_JumpDraft2/Wall_Jump_ss_Draft__2_Sprite_44.uasset" 392
"C:/Users/howli/Documents/Unreal Projects/SpriteTest 5.6/Content/Spritesheets/Wall_JumpDraft2/Wall_Jump_ss_Draft__2_Sprite_44.uexp" 393
"C:/Users/howli/Documents/Unreal Projects/SpriteTest 5.6/Content/Spritesheets/Wall_JumpDraft2/Wall_Jump_ss_Draft__2_Sprite_45.uasset" 394
"C:/Users/howli/Documents/Unreal Projects/SpriteTest 5.6/Content/Spritesheets/Wall_JumpDraft2/Wall_Jump_ss_Draft__2_Sprite_45.uexp" 395
"C:/Users/howli/Documents/Unreal Projects/SpriteTest 5.6/Content/Spritesheets/Wall_JumpDraft2/Wall_Jump_ss_Draft__2_Sprite_46.uasset" 396
"C:/Users/howli/Documents/Unreal Projects/SpriteTest 5.6/Content/Spritesheets/Wall_JumpDraft2/Wall_Jump_ss_Draft__2_Sprite_46.uexp" 397
"C:/Users/howli/Documents/Unreal Projects/SpriteTest 5.6/Content/Spritesheets/Wall_JumpDraft2/Wall_Jump_ss_Draft__2_Sprite_47.uasset" 398
"C:/Users/howli/Documents/Unreal Projects/SpriteTest 5.6/Content/Spritesheets/Wall_JumpDraft2/Wall_Jump_ss_Draft__2_Sprite_47.uexp" 399
"C:/Users/howli/Documents/Unreal Projects/SpriteTest 5.6/Content/Spritesheets/Wall_JumpDraft2/Wall_Jump_ss_Draft__2_Sprite_48.uasset" 400
"C:/Users/howli/Documents/Unreal Projects/SpriteTest 5.6/Content/Spritesheets/Wall_JumpDraft2/Wall_Jump_ss_Draft__2_Sprite_48.uexp" 401
"C:/Users/howli/Documents/Unreal Projects/SpriteTest 5.6/Content/Spritesheets/Wall_JumpDraft2/Wall_Jump_ss_Draft__2_Sprite_49.uasset" 402
"C:/Users/howli/Documents/Unreal Projects/SpriteTest 5.6/Content/Spritesheets/Wall_JumpDraft2/Wall_Jump_ss_Draft__2_Sprite_49.uexp" 403
"C:/Users/howli/Documents/Unreal Projects/SpriteTest 5.6/Content/Spritesheets/Wall_JumpDraft2/Wall_Jump_ss_Draft__2_Sprite_50.uasset" 404
"C:/Users/howli/Documents/Unreal Projects/SpriteTest 5.6/Content/Spritesheets/Wall_JumpDraft2/Wall_Jump_ss_Draft__2_Sprite_50.uexp" 405
"C:/Users/howli/Documents/Unreal Projects/SpriteTest 5.6/Content/Spritesheets/Wall_JumpDraft2/Wall_Jump_ss_Draft__2_Sprite_51.uasset" 406
"C:/Users/howli/Documents/Unreal Projects/SpriteTest 5.6/Content/Spritesheets/Wall_JumpDraft2/Wall_Jump_ss_Draft__2_Sprite_51.uexp" 407
"C:/Users/howli/Documents/Unreal Projects/SpriteTest 5.6/Content/Spritesheets/Wall_JumpDraft2/Wall_Jump_ss_Draft__2_Sprite_52.uasset" 408
"C:/Users/howli/Documents/Unreal Projects/SpriteTest 5.6/Content/Spritesheets/Wall_JumpDraft2/Wall_Jump_ss_Draft__2_Sprite_52.uexp" 409
"C:/Users/howli/Documents/Unreal Projects/SpriteTest 5.6/Content/Spritesheets/Wall_JumpDraft2/Wall_Jump_ss_Draft__2_Sprite_53.uasset" 410
"C:/Users/howli/Documents/Unreal Projects/SpriteTest 5.6/Content/Spritesheets/Wall_JumpDraft2/Wall_Jump_ss_Draft__2_Sprite_53.uexp" 411
"C:/Users/howli/Documents/Unreal Projects/SpriteTest 5.6/Content/Spritesheets/Wall_JumpDraft2/Wall_Jump_ss_Draft__2_Sprite_54.uasset" 412
"C:/Users/howli/Documents/Unreal Projects/SpriteTest 5.6/Content/Spritesheets/Wall_JumpDraft2/Wall_Jump_ss_Draft__2_Sprite_54.uexp" 413
"C:/Users/howli/Documents/Unreal Projects/SpriteTest 5.6/Content/Spritesheets/Wall_JumpDraft2/Wall_Jump_ss_Draft__2_Sprite_55.uasset" 414
"C:/Users/howli/Documents/Unreal Projects/SpriteTest 5.6/Content/Spritesheets/Wall_JumpDraft2/Wall_Jump_ss_Draft__2_Sprite_55.uexp" 415
"C:/Users/howli/Documents/Unreal Projects/SpriteTest 5.6/Content/Spritesheets/Wall_JumpDraft2/Wall_Jump_ss_Draft2.uasset" 416
"C:/Users/howli/Documents/Unreal Projects/SpriteTest 5.6/Content/Spritesheets/Wall_JumpDraft2/Wall_Jump_ss_Draft2.uexp" 417
"C:/Users/howli/Documents/Unreal Projects/SpriteTest 5.6/Content/Spritesheets/WallSlide_SS/Wall_Slide_SS.uasset" 418
"C:/Users/howli/Documents/Unreal Projects/SpriteTest 5.6/Content/Spritesheets/WallSlide_SS/Wall_Slide_SS.uexp" 419
"C:/Users/howli/Documents/Unreal Projects/SpriteTest 5.6/Content/Spritesheets/WallSlide_SS/Wall_Slide_SS_Sprite_0.uasset" 420
"C:/Users/howli/Documents/Unreal Projects/SpriteTest 5.6/Content/Spritesheets/WallSlide_SS/Wall_Slide_SS_Sprite_0.uexp" 421
"C:/Users/howli/Documents/Unreal Projects/SpriteTest 5.6/Content/Spritesheets/WallSlide_SS/Wall_Slide_SS_Sprite_1.uasset" 422
"C:/Users/howli/Documents/Unreal Projects/SpriteTest 5.6/Content/Spritesheets/WallSlide_SS/Wall_Slide_SS_Sprite_1.uexp" 423
"C:/Users/howli/Documents/Unreal Projects/SpriteTest 5.6/Content/Spritesheets/WallSlide_SS/Wall_Slide_SS_Sprite_2.uasset" 424
"C:/Users/howli/Documents/Unreal Projects/SpriteTest 5.6/Content/Spritesheets/WallSlide_SS/Wall_Slide_SS_Sprite_2.uexp" 425
"C:/Users/howli/Documents/Unreal Projects/SpriteTest 5.6/Content/Spritesheets/WallSlide_SS/Wall_Slide_SS_Sprite_3.uasset" 426
"C:/Users/howli/Documents/Unreal Projects/SpriteTest 5.6/Content/Spritesheets/WallSlide_SS/Wall_Slide_SS_Sprite_3.uexp" 427
"C:/Users/howli/Documents/Unreal Projects/SpriteTest 5.6/Content/Spritesheets/WallSlide_SS/Wall_Slide_SS_Sprite_4.uasset" 428
"C:/Users/howli/Documents/Unreal Projects/SpriteTest 5.6/Content/Spritesheets/WallSlide_SS/Wall_Slide_SS_Sprite_4.uexp" 429
"C:/Users/howli/Documents/Unreal Projects/SpriteTest 5.6/Content/Spritesheets/WallSlide_SS/Wall_Slide_SS_Sprite_5.uasset" 430
"C:/Users/howli/Documents/Unreal Projects/SpriteTest 5.6/Content/Spritesheets/WallSlide_SS/Wall_Slide_SS_Sprite_5.uexp" 431
"C:/Users/howli/Documents/Unreal Projects/SpriteTest 5.6/Content/Spritesheets/WallSlide_SS/Wall_Slide_SS_Sprite_6.uasset" 432
"C:/Users/howli/Documents/Unreal Projects/SpriteTest 5.6/Content/Spritesheets/WallSlide_SS/Wall_Slide_SS_Sprite_6.uexp" 433
"C:/Users/howli/Documents/Unreal Projects/SpriteTest 5.6/Content/Spritesheets/WallSlide_SS/Wall_Slide_SS_Sprite_7.uasset" 434
"C:/Users/howli/Documents/Unreal Projects/SpriteTest 5.6/Content/Spritesheets/WallSlide_SS/Wall_Slide_SS_Sprite_7.uexp" 435
"C:/Users/howli/Documents/Unreal Projects/SpriteTest 5.6/Content/Spritesheets/WallSlide_SS/Wall_Slide_SS_Sprite_8.uasset" 436
"C:/Users/howli/Documents/Unreal Projects/SpriteTest 5.6/Content/Spritesheets/WallSlide_SS/Wall_Slide_SS_Sprite_8.uexp" 437
"C:/Users/howli/Documents/Unreal Projects/SpriteTest 5.6/Content/Spritesheets/WallSlide_SS/Wall_Slide_SS_Sprite_9.uasset" 438
"C:/Users/howli/Documents/Unreal Projects/SpriteTest 5.6/Content/Spritesheets/WallSlide_SS/Wall_Slide_SS_Sprite_9.uexp" 439
"C:/Users/howli/Documents/Unreal Projects/SpriteTest 5.6/Content/Spritesheets/WallSlide_SS/Wall_Slide_SS_Sprite_10.uasset" 440
"C:/Users/howli/Documents/Unreal Projects/SpriteTest 5.6/Content/Spritesheets/WallSlide_SS/Wall_Slide_SS_Sprite_10.uexp" 441
"C:/Users/howli/Documents/Unreal Projects/SpriteTest 5.6/Content/Spritesheets/WallSlide_SS/Wall_Slide_SS_Sprite_11.uasset" 442
"C:/Users/howli/Documents/Unreal Projects/SpriteTest 5.6/Content/Spritesheets/WallSlide_SS/Wall_Slide_SS_Sprite_11.uexp" 443
"C:/Users/howli/Documents/Unreal Projects/SpriteTest 5.6/Content/Spritesheets/WallSlide_SS/Wall_Slide_SS_Sprite_12.uasset" 444
"C:/Users/howli/Documents/Unreal Projects/SpriteTest 5.6/Content/Spritesheets/WallSlide_SS/Wall_Slide_SS_Sprite_12.uexp" 445
"C:/Users/howli/Documents/Unreal Projects/SpriteTest 5.6/Content/Spritesheets/WallSlide_SS/Wall_Slide_SS_Sprite_13.uasset" 446
"C:/Users/howli/Documents/Unreal Projects/SpriteTest 5.6/Content/Spritesheets/WallSlide_SS/Wall_Slide_SS_Sprite_13.uexp" 447
"C:/Users/howli/Documents/Unreal Projects/SpriteTest 5.6/Content/Spritesheets/WallSlide_SS/Wall_Slide_SS_Sprite_14.uasset" 448
"C:/Users/howli/Documents/Unreal Projects/SpriteTest 5.6/Content/Spritesheets/WallSlide_SS/Wall_Slide_SS_Sprite_14.uexp" 449
"C:/Users/howli/Documents/Unreal Projects/SpriteTest 5.6/Content/Spritesheets/WallSlide_SS/Wall_Slide_SS_Sprite_15.uasset" 450
"C:/Users/howli/Documents/Unreal Projects/SpriteTest 5.6/Content/Spritesheets/WallSlide_SS/Wall_Slide_SS_Sprite_15.uexp" 451
"C:/Users/howli/Documents/Unreal Projects/SpriteTest 5.6/Content/Spritesheets/WallSlide_SS/Wall_Slide_SS_Sprite_16.uasset" 452
"C:/Users/howli/Documents/Unreal Projects/SpriteTest 5.6/Content/Spritesheets/WallSlide_SS/Wall_Slide_SS_Sprite_16.uexp" 453
"C:/Users/howli/Documents/Unreal Projects/SpriteTest 5.6/Content/Spritesheets/WallSlide_SS/Wall_Slide_SS_Sprite_17.uasset" 454
"C:/Users/howli/Documents/Unreal Projects/SpriteTest 5.6/Content/Spritesheets/WallSlide_SS/Wall_Slide_SS_Sprite_17.uexp" 455
"C:/Users/howli/Documents/Unreal Projects/SpriteTest 5.6/Content/Spritesheets/WallSlide_SS/Wall_Slide_SS_Sprite_18.uasset" 456
"C:/Users/howli/Documents/Unreal Projects/SpriteTest 5.6/Content/Spritesheets/WallSlide_SS/Wall_Slide_SS_Sprite_18.uexp" 457
"C:/Users/howli/Documents/Unreal Projects/SpriteTest 5.6/Content/Spritesheets/WallSlide_SS/Wall_Slide_SS_Sprite_19.uasset" 458
"C:/Users/howli/Documents/Unreal Projects/SpriteTest 5.6/Content/Spritesheets/WallSlide_SS/Wall_Slide_SS_Sprite_19.uexp" 459
"C:/Users/howli/Documents/Unreal Projects/SpriteTest 5.6/Content/Spritesheets/WallSlide_SS/Wall_Slide_SS_Sprite_20.uasset" 460
"C:/Users/howli/Documents/Unreal Projects/SpriteTest 5.6/Content/Spritesheets/WallSlide_SS/Wall_Slide_SS_Sprite_20.uexp" 461
"C:/Users/howli/Documents/Unreal Projects/SpriteTest 5.6/Content/Spritesheets/WallSlide_SS/Wall_Slide_SS_Sprite_21.uasset" 462
"C:/Users/howli/Documents/Unreal Projects/SpriteTest 5.6/Content/Spritesheets/WallSlide_SS/Wall_Slide_SS_Sprite_21.uexp" 463
"C:/Users/howli/Documents/Unreal Projects/SpriteTest 5.6/Content/Spritesheets/WallSlide_SS/Wall_Slide_SS_Sprite_22.uasset" 464
"C:/Users/howli/Documents/Unreal Projects/SpriteTest 5.6/Content/Spritesheets/WallSlide_SS/Wall_Slide_SS_Sprite_22.uexp" 465
"C:/Users/howli/Documents/Unreal Projects/SpriteTest 5.6/Content/Spritesheets/WallSlide_SS/Wall_Slide_SS_Sprite_23.uasset" 466
"C:/Users/howli/Documents/Unreal Projects/SpriteTest 5.6/Content/Spritesheets/WallSlide_SS/Wall_Slide_SS_Sprite_23.uexp" 467
"C:/Users/howli/Documents/Unreal Projects/SpriteTest 5.6/Content/Spritesheets/WallSlide_SS/Wall_Slide_SS_Sprite_24.uasset" 468
"C:/Users/howli/Documents/Unreal Projects/SpriteTest 5.6/Content/Spritesheets/WallSlide_SS/Wall_Slide_SS_Sprite_24.uexp" 469
"C:/Users/howli/Documents/Unreal Projects/SpriteTest 5.6/Content/Spritesheets/WallSlide_SS/Wall_Slide_SS_Sprite_25.uasset" 470
"C:/Users/howli/Documents/Unreal Projects/SpriteTest 5.6/Content/Spritesheets/WallSlide_SS/Wall_Slide_SS_Sprite_25.uexp" 471
"C:/Users/howli/Documents/Unreal Projects/SpriteTest 5.6/Content/Spritesheets/WallSlide_SS/Wall_Slide_SS_Sprite_26.uasset" 472
"C:/Users/howli/Documents/Unreal Projects/SpriteTest 5.6/Content/Spritesheets/WallSlide_SS/Wall_Slide_SS_Sprite_26.uexp" 473
"C:/Users/howli/Documents/Unreal Projects/SpriteTest 5.6/Content/Spritesheets/WallSlide_SS/Wall_Slide_SS_Sprite_27.uasset" 474
"C:/Users/howli/Documents/Unreal Projects/SpriteTest 5.6/Content/Spritesheets/WallSlide_SS/Wall_Slide_SS_Sprite_27.uexp" 475
"C:/Users/howli/Documents/Unreal Projects/SpriteTest 5.6/Content/Spritesheets/WallSlide_SS/Wall_Slide_SS_Sprite_28.uasset" 476
"C:/Users/howli/Documents/Unreal Projects/SpriteTest 5.6/Content/Spritesheets/WallSlide_SS/Wall_Slide_SS_Sprite_28.uexp" 477
"C:/Users/howli/Documents/Unreal Projects/SpriteTest 5.6/Content/Spritesheets/WallSlide_SS/Wall_Slide_SS_Sprite_29.uasset" 478
"C:/Users/howli/Documents/Unreal Projects/SpriteTest 5.6/Content/Spritesheets/WallSlide_SS/Wall_Slide_SS_Sprite_29.uexp" 479
"C:/Users/howli/Documents/Unreal Projects/SpriteTest 5.6/Content/Spritesheets/WallSlide_SS/Wall_Slide_SS_Sprite_30.uasset" 480
"C:/Users/howli/Documents/Unreal Projects/SpriteTest 5.6/Content/Spritesheets/WallSlide_SS/Wall_Slide_SS_Sprite_30.uexp" 481
"C:/Users/howli/Documents/Unreal Projects/SpriteTest 5.6/Content/Spritesheets/WallSlide_SS/Wall_Slide_SS_Sprite_31.uasset" 482
"C:/Users/howli/Documents/Unreal Projects/SpriteTest 5.6/Content/Spritesheets/WallSlide_SS/Wall_Slide_SS_Sprite_31.uexp" 483
"C:/Users/howli/Documents/Unreal Projects/SpriteTest 5.6/Content/Spritesheets/WallSlide_SS/Wall_Slide_SS_Sprite_32.uasset" 484
"C:/Users/howli/Documents/Unreal Projects/SpriteTest 5.6/Content/Spritesheets/WallSlide_SS/Wall_Slide_SS_Sprite_32.uexp" 485
"C:/Users/howli/Documents/Unreal Projects/SpriteTest 5.6/Content/Spritesheets/WallSlide_SS/Wall_Slide_SS_Sprite_33.uasset" 486
"C:/Users/howli/Documents/Unreal Projects/SpriteTest 5.6/Content/Spritesheets/WallSlide_SS/Wall_Slide_SS_Sprite_33.uexp" 487
"C:/Users/howli/Documents/Unreal Projects/SpriteTest 5.6/Content/Spritesheets/WallSlide_SS/Wall_Slide_SS_Sprite_34.uasset" 488
"C:/Users/howli/Documents/Unreal Projects/SpriteTest 5.6/Content/Spritesheets/WallSlide_SS/Wall_Slide_SS_Sprite_34.uexp" 489
"C:/Users/howli/Documents/Unreal Projects/SpriteTest 5.6/Content/Spritesheets/WallSlide_SS/Wall_Slide_SS_Sprite_35.uasset" 490
"C:/Users/howli/Documents/Unreal Projects/SpriteTest 5.6/Content/Spritesheets/WallSlide_SS/Wall_Slide_SS_Sprite_35.uexp" 491
"C:/Users/howli/Documents/Unreal Projects/SpriteTest 5.6/Content/Spritesheets/WallSlide_SS/Wall_Slide_SS_Sprite_36.uasset" 492
"C:/Users/howli/Documents/Unreal Projects/SpriteTest 5.6/Content/Spritesheets/WallSlide_SS/Wall_Slide_SS_Sprite_36.uexp" 493
"C:/Users/howli/Documents/Unreal Projects/SpriteTest 5.6/Content/Spritesheets/WallSlide_SS/Wall_Slide_SS_Sprite_37.uasset" 494
"C:/Users/howli/Documents/Unreal Projects/SpriteTest 5.6/Content/Spritesheets/WallSlide_SS/Wall_Slide_SS_Sprite_37.uexp" 495
"C:/Users/howli/Documents/Unreal Projects/SpriteTest 5.6/Content/Spritesheets/WallSlide_SS/Wall_Slide_SS_Sprite_38.uasset" 496
"C:/Users/howli/Documents/Unreal Projects/SpriteTest 5.6/Content/Spritesheets/WallSlide_SS/Wall_Slide_SS_Sprite_38.uexp" 497
"C:/Users/howli/Documents/Unreal Projects/SpriteTest 5.6/Content/Spritesheets/WallSlide_SS/Wall_Slide_SS_Sprite_39.uasset" 498
"C:/Users/howli/Documents/Unreal Projects/SpriteTest 5.6/Content/Spritesheets/WallSlide_SS/Wall_Slide_SS_Sprite_39.uexp" 499
"C:/Users/howli/Documents/Unreal Projects/SpriteTest 5.6/Content/Spritesheets/WallSlide_SS/Wall_Slide_SS_Sprite_40.uasset" 500
"C:/Users/howli/Documents/Unreal Projects/SpriteTest 5.6/Content/Spritesheets/WallSlide_SS/Wall_Slide_SS_Sprite_40.uexp" 501
"C:/Users/howli/Documents/Unreal Projects/SpriteTest 5.6/Content/Flipbooks/Wall_Slide_SS1.uasset" 502
"C:/Users/howli/Documents/Unreal Projects/SpriteTest 5.6/Content/Flipbooks/Wall_Slide_SS1.uexp" 503
"C:/Users/howli/Documents/Unreal Projects/SpriteTest 5.6/Content/Spritesheets/Run_SS/Run_SS.uasset" 504
"C:/Users/howli/Documents/Unreal Projects/SpriteTest 5.6/Content/Spritesheets/Run_SS/Run_SS.uexp" 505
"C:/Users/howli/Documents/Unreal Projects/SpriteTest 5.6/Content/Spritesheets/Run_SS/Run_SS_Sprite_0.uasset" 506
"C:/Users/howli/Documents/Unreal Projects/SpriteTest 5.6/Content/Spritesheets/Run_SS/Run_SS_Sprite_0.uexp" 507
"C:/Users/howli/Documents/Unreal Projects/SpriteTest 5.6/Content/Spritesheets/Run_SS/Run_SS_Sprite_1.uasset" 508
"C:/Users/howli/Documents/Unreal Projects/SpriteTest 5.6/Content/Spritesheets/Run_SS/Run_SS_Sprite_1.uexp" 509
"C:/Users/howli/Documents/Unreal Projects/SpriteTest 5.6/Content/Spritesheets/Run_SS/Run_SS_Sprite_2.uasset" 510
"C:/Users/howli/Documents/Unreal Projects/SpriteTest 5.6/Content/Spritesheets/Run_SS/Run_SS_Sprite_2.uexp" 511
"C:/Users/howli/Documents/Unreal Projects/SpriteTest 5.6/Content/Spritesheets/Run_SS/Run_SS_Sprite_3.uasset" 512
"C:/Users/howli/Documents/Unreal Projects/SpriteTest 5.6/Content/Spritesheets/Run_SS/Run_SS_Sprite_3.uexp" 513
"C:/Users/howli/Documents/Unreal Projects/SpriteTest 5.6/Content/Spritesheets/Run_SS/Run_SS_Sprite_4.uasset" 514
"C:/Users/howli/Documents/Unreal Projects/SpriteTest 5.6/Content/Spritesheets/Run_SS/Run_SS_Sprite_4.uexp" 515
"C:/Users/howli/Documents/Unreal Projects/SpriteTest 5.6/Content/Spritesheets/Run_SS/Run_SS_Sprite_5.uasset" 516
"C:/Users/howli/Documents/Unreal Projects/SpriteTest 5.6/Content/Spritesheets/Run_SS/Run_SS_Sprite_5.uexp" 517
"C:/Users/howli/Documents/Unreal Projects/SpriteTest 5.6/Content/Spritesheets/Run_SS/Run_SS_Sprite_6.uasset" 518
"C:/Users/howli/Documents/Unreal Projects/SpriteTest 5.6/Content/Spritesheets/Run_SS/Run_SS_Sprite_6.uexp" 519
"C:/Users/howli/Documents/Unreal Projects/SpriteTest 5.6/Content/Spritesheets/Run_SS/Run_SS_Sprite_7.uasset" 520
"C:/Users/howli/Documents/Unreal Projects/SpriteTest 5.6/Content/Spritesheets/Run_SS/Run_SS_Sprite_7.uexp" 521
"C:/Users/howli/Documents/Unreal Projects/SpriteTest 5.6/Content/Spritesheets/Run_SS/Run_SS_Sprite_8.uasset" 522
"C:/Users/howli/Documents/Unreal Projects/SpriteTest 5.6/Content/Spritesheets/Run_SS/Run_SS_Sprite_8.uexp" 523
"C:/Users/howli/Documents/Unreal Projects/SpriteTest 5.6/Content/Spritesheets/Run_SS/Run_SS_Sprite_9.uasset" 524
"C:/Users/howli/Documents/Unreal Projects/SpriteTest 5.6/Content/Spritesheets/Run_SS/Run_SS_Sprite_9.uexp" 525
"C:/Users/howli/Documents/Unreal Projects/SpriteTest 5.6/Content/Spritesheets/Run_SS/Run_SS_Sprite_10.uasset" 526
"C:/Users/howli/Documents/Unreal Projects/SpriteTest 5.6/Content/Spritesheets/Run_SS/Run_SS_Sprite_10.uexp" 527
"C:/Users/howli/Documents/Unreal Projects/SpriteTest 5.6/Content/Spritesheets/Run_SS/Run_SS_Sprite_11.uasset" 528
"C:/Users/howli/Documents/Unreal Projects/SpriteTest 5.6/Content/Spritesheets/Run_SS/Run_SS_Sprite_11.uexp" 529
"C:/Users/howli/Documents/Unreal Projects/SpriteTest 5.6/Content/Spritesheets/Run_SS/Run_SS_Sprite_12.uasset" 530
"C:/Users/howli/Documents/Unreal Projects/SpriteTest 5.6/Content/Spritesheets/Run_SS/Run_SS_Sprite_12.uexp" 531
"C:/Users/howli/Documents/Unreal Projects/SpriteTest 5.6/Content/Spritesheets/Run_SS/Run_SS_Sprite_13.uasset" 532
"C:/Users/howli/Documents/Unreal Projects/SpriteTest 5.6/Content/Spritesheets/Run_SS/Run_SS_Sprite_13.uexp" 533
"C:/Users/howli/Documents/Unreal Projects/SpriteTest 5.6/Content/Spritesheets/Run_SS/Run_SS_Sprite_14.uasset" 534
"C:/Users/howli/Documents/Unreal Projects/SpriteTest 5.6/Content/Spritesheets/Run_SS/Run_SS_Sprite_14.uexp" 535
"C:/Users/howli/Documents/Unreal Projects/SpriteTest 5.6/Content/Spritesheets/Run_SS/Run_SS_Sprite_15.uasset" 536
"C:/Users/howli/Documents/Unreal Projects/SpriteTest 5.6/Content/Spritesheets/Run_SS/Run_SS_Sprite_15.uexp" 537
"C:/Users/howli/Documents/Unreal Projects/SpriteTest 5.6/Content/Spritesheets/Run_SS/Run_SS_Sprite_16.uasset" 538
"C:/Users/howli/Documents/Unreal Projects/SpriteTest 5.6/Content/Spritesheets/Run_SS/Run_SS_Sprite_16.uexp" 539
"C:/Users/howli/Documents/Unreal Projects/SpriteTest 5.6/Content/Spritesheets/Run_SS/Run_SS_Sprite_17.uasset" 540
"C:/Users/howli/Documents/Unreal Projects/SpriteTest 5.6/Content/Spritesheets/Run_SS/Run_SS_Sprite_17.uexp" 541
"C:/Users/howli/Documents/Unreal Projects/SpriteTest 5.6/Content/Spritesheets/Run_SS/Run_SS_Sprite_18.uasset" 542
"C:/Users/howli/Documents/Unreal Projects/SpriteTest 5.6/Content/Spritesheets/Run_SS/Run_SS_Sprite_18.uexp" 543
"C:/Users/howli/Documents/Unreal Projects/SpriteTest 5.6/Content/Spritesheets/Run_SS/Run_SS_Sprite_19.uasset" 544
"C:/Users/howli/Documents/Unreal Projects/SpriteTest 5.6/Content/Spritesheets/Run_SS/Run_SS_Sprite_19.uexp" 545
"C:/Users/howli/Documents/Unreal Projects/SpriteTest 5.6/Content/Spritesheets/Run_SS/Run_SS_Sprite_20.uasset" 546
"C:/Users/howli/Documents/Unreal Projects/SpriteTest 5.6/Content/Spritesheets/Run_SS/Run_SS_Sprite_20.uexp" 547
"C:/Users/howli/Documents/Unreal Projects/SpriteTest 5.6/Content/Spritesheets/Run_SS/Run_SS_Sprite_21.uasset" 548
"C:/Users/howli/Documents/Unreal Projects/SpriteTest 5.6/Content/Spritesheets/Run_SS/Run_SS_Sprite_21.uexp" 549
"C:/Users/howli/Documents/Unreal Projects/SpriteTest 5.6/Content/Spritesheets/Run_SS/Run_SS_Sprite_22.uasset" 550
"C:/Users/howli/Documents/Unreal Projects/SpriteTest 5.6/Content/Spritesheets/Run_SS/Run_SS_Sprite_22.uexp" 551
"C:/Users/howli/Documents/Unreal Projects/SpriteTest 5.6/Content/Flipbooks/Sprint_Anim.uasset" 552
"C:/Users/howli/Documents/Unreal Projects/SpriteTest 5.6/Content/Flipbooks/Sprint_Anim.uexp" 553
"C:/Users/howli/Documents/Unreal Projects/SpriteTest 5.6/Content/Flipbooks/Run_Anim.uasset" 554
"C:/Users/howli/Documents/Unreal Projects/SpriteTest 5.6/Content/Flipbooks/Run_Anim.uexp" 555
"C:/Users/howli/Documents/Unreal Projects/SpriteTest 5.6/Content/Spritesheets/Pose_SS/Pose_SS.uasset" 556
"C:/Users/howli/Documents/Unreal Projects/SpriteTest 5.6/Content/Spritesheets/Pose_SS/Pose_SS.uexp" 557
"C:/Users/howli/Documents/Unreal Projects/SpriteTest 5.6/Content/Spritesheets/Pose_SS/Pose_SS_Sprite_0.uasset" 558
"C:/Users/howli/Documents/Unreal Projects/SpriteTest 5.6/Content/Spritesheets/Pose_SS/Pose_SS_Sprite_0.uexp" 559
"C:/Users/howli/Documents/Unreal Projects/SpriteTest 5.6/Content/Spritesheets/Pose_SS/Pose_SS_Sprite_1.uasset" 560
"C:/Users/howli/Documents/Unreal Projects/SpriteTest 5.6/Content/Spritesheets/Pose_SS/Pose_SS_Sprite_1.uexp" 561
"C:/Users/howli/Documents/Unreal Projects/SpriteTest 5.6/Content/Spritesheets/Pose_SS/Pose_SS_Sprite_2.uasset" 562
"C:/Users/howli/Documents/Unreal Projects/SpriteTest 5.6/Content/Spritesheets/Pose_SS/Pose_SS_Sprite_2.uexp" 563
"C:/Users/howli/Documents/Unreal Projects/SpriteTest 5.6/Content/Spritesheets/Pose_SS/Pose_SS_Sprite_3.uasset" 564
"C:/Users/howli/Documents/Unreal Projects/SpriteTest 5.6/Content/Spritesheets/Pose_SS/Pose_SS_Sprite_3.uexp" 565
"C:/Users/howli/Documents/Unreal Projects/SpriteTest 5.6/Content/Spritesheets/Pose_SS/Pose_SS_Sprite_4.uasset" 566
"C:/Users/howli/Documents/Unreal Projects/SpriteTest 5.6/Content/Spritesheets/Pose_SS/Pose_SS_Sprite_4.uexp" 567
"C:/Users/howli/Documents/Unreal Projects/SpriteTest 5.6/Content/Spritesheets/Pose_SS/Pose_SS_Sprite_5.uasset" 568
"C:/Users/howli/Documents/Unreal Projects/SpriteTest 5.6/Content/Spritesheets/Pose_SS/Pose_SS_Sprite_5.uexp" 569
"C:/Users/howli/Documents/Unreal Projects/SpriteTest 5.6/Content/Spritesheets/Pose_SS/Pose_SS_Sprite_6.uasset" 570
"C:/Users/howli/Documents/Unreal Projects/SpriteTest 5.6/Content/Spritesheets/Pose_SS/Pose_SS_Sprite_6.uexp" 571
"C:/Users/howli/Documents/Unreal Projects/SpriteTest 5.6/Content/Spritesheets/Pose_SS/Pose_SS_Sprite_7.uasset" 572
"C:/Users/howli/Documents/Unreal Projects/SpriteTest 5.6/Content/Spritesheets/Pose_SS/Pose_SS_Sprite_7.uexp" 573
"C:/Users/howli/Documents/Unreal Projects/SpriteTest 5.6/Content/Spritesheets/Pose_SS/Pose_SS_Sprite_8.uasset" 574
"C:/Users/howli/Documents/Unreal Projects/SpriteTest 5.6/Content/Spritesheets/Pose_SS/Pose_SS_Sprite_8.uexp" 575
"C:/Users/howli/Documents/Unreal Projects/SpriteTest 5.6/Content/Spritesheets/Pose_SS/Pose_SS_Sprite_9.uasset" 576
"C:/Users/howli/Documents/Unreal Projects/SpriteTest 5.6/Content/Spritesheets/Pose_SS/Pose_SS_Sprite_9.uexp" 577
"C:/Users/howli/Documents/Unreal Projects/SpriteTest 5.6/Content/Spritesheets/Pose_SS/Pose_SS_Sprite_10.uasset" 578
"C:/Users/howli/Documents/Unreal Projects/SpriteTest 5.6/Content/Spritesheets/Pose_SS/Pose_SS_Sprite_10.uexp" 579
"C:/Users/howli/Documents/Unreal Projects/SpriteTest 5.6/Content/Spritesheets/Pose_SS/Pose_SS_Sprite_11.uasset" 580
"C:/Users/howli/Documents/Unreal Projects/SpriteTest 5.6/Content/Spritesheets/Pose_SS/Pose_SS_Sprite_11.uexp" 581
"C:/Users/howli/Documents/Unreal Projects/SpriteTest 5.6/Content/Spritesheets/Pose_SS/Pose_SS_Sprite_12.uasset" 582
"C:/Users/howli/Documents/Unreal Projects/SpriteTest 5.6/Content/Spritesheets/Pose_SS/Pose_SS_Sprite_12.uexp" 583
"C:/Users/howli/Documents/Unreal Projects/SpriteTest 5.6/Content/Spritesheets/Pose_SS/Pose_SS_Sprite_13.uasset" 584
"C:/Users/howli/Documents/Unreal Projects/SpriteTest 5.6/Content/Spritesheets/Pose_SS/Pose_SS_Sprite_13.uexp" 585
"C:/Users/howli/Documents/Unreal Projects/SpriteTest 5.6/Content/Spritesheets/Pose_SS/Pose_SS_Sprite_14.uasset" 586
"C:/Users/howli/Documents/Unreal Projects/SpriteTest 5.6/Content/Spritesheets/Pose_SS/Pose_SS_Sprite_14.uexp" 587
"C:/Users/howli/Documents/Unreal Projects/SpriteTest 5.6/Content/Spritesheets/Pose_SS/Pose_SS_Sprite_15.uasset" 588
"C:/Users/howli/Documents/Unreal Projects/SpriteTest 5.6/Content/Spritesheets/Pose_SS/Pose_SS_Sprite_15.uexp" 589
"C:/Users/howli/Documents/Unreal Projects/SpriteTest 5.6/Content/Spritesheets/Pose_SS/Pose_SS_Sprite_16.uasset" 590
"C:/Users/howli/Documents/Unreal Projects/SpriteTest 5.6/Content/Spritesheets/Pose_SS/Pose_SS_Sprite_16.uexp" 591
"C:/Users/howli/Documents/Unreal Projects/SpriteTest 5.6/Content/Spritesheets/Pose_SS/Pose_SS_Sprite_17.uasset" 592
"C:/Users/howli/Documents/Unreal Projects/SpriteTest 5.6/Content/Spritesheets/Pose_SS/Pose_SS_Sprite_17.uexp" 593
"C:/Users/howli/Documents/Unreal Projects/SpriteTest 5.6/Content/Spritesheets/Pose_SS/Pose_SS_Sprite_18.uasset" 594
"C:/Users/howli/Documents/Unreal Projects/SpriteTest 5.6/Content/Spritesheets/Pose_SS/Pose_SS_Sprite_18.uexp" 595
"C:/Users/howli/Documents/Unreal Projects/SpriteTest 5.6/Content/Spritesheets/Pose_SS/Pose_SS_Sprite_19.uasset" 596
"C:/Users/howli/Documents/Unreal Projects/SpriteTest 5.6/Content/Spritesheets/Pose_SS/Pose_SS_Sprite_19.uexp" 597
"C:/Users/howli/Documents/Unreal Projects/SpriteTest 5.6/Content/Spritesheets/Pose_SS/Pose_SS_Sprite_20.uasset" 598
"C:/Users/howli/Documents/Unreal Projects/SpriteTest 5.6/Content/Spritesheets/Pose_SS/Pose_SS_Sprite_20.uexp" 599
"C:/Users/howli/Documents/Unreal Projects/SpriteTest 5.6/Content/Spritesheets/Pose_SS/Pose_SS_Sprite_21.uasset" 600
"C:/Users/howli/Documents/Unreal Projects/SpriteTest 5.6/Content/Spritesheets/Pose_SS/Pose_SS_Sprite_21.uexp" 601
"C:/Users/howli/Documents/Unreal Projects/SpriteTest 5.6/Content/Spritesheets/Pose_SS/Pose_SS_Sprite_22.uasset" 602
"C:/Users/howli/Documents/Unreal Projects/SpriteTest 5.6/Content/Spritesheets/Pose_SS/Pose_SS_Sprite_22.uexp" 603
"C:/Users/howli/Documents/Unreal Projects/SpriteTest 5.6/Content/Spritesheets/Pose_SS/Pose_SS_Sprite_23.uasset" 604
"C:/Users/howli/Documents/Unreal Projects/SpriteTest 5.6/Content/Spritesheets/Pose_SS/Pose_SS_Sprite_23.uexp" 605
"C:/Users/howli/Documents/Unreal Projects/SpriteTest 5.6/Content/Spritesheets/Pose_SS/Pose_SS_Sprite_24.uasset" 606
"C:/Users/howli/Documents/Unreal Projects/SpriteTest 5.6/Content/Spritesheets/Pose_SS/Pose_SS_Sprite_24.uexp" 607
"C:/Users/howli/Documents/Unreal Projects/SpriteTest 5.6/Content/Spritesheets/Pose_SS/Pose_SS_Sprite_25.uasset" 608
"C:/Users/howli/Documents/Unreal Projects/SpriteTest 5.6/Content/Spritesheets/Pose_SS/Pose_SS_Sprite_25.uexp" 609
"C:/Users/howli/Documents/Unreal Projects/SpriteTest 5.6/Content/Spritesheets/Pose_SS/Pose_SS_Sprite_26.uasset" 610
"C:/Users/howli/Documents/Unreal Projects/SpriteTest 5.6/Content/Spritesheets/Pose_SS/Pose_SS_Sprite_26.uexp" 611
"C:/Users/howli/Documents/Unreal Projects/SpriteTest 5.6/Content/Spritesheets/Pose_SS/Pose_SS_Sprite_27.uasset" 612
"C:/Users/howli/Documents/Unreal Projects/SpriteTest 5.6/Content/Spritesheets/Pose_SS/Pose_SS_Sprite_27.uexp" 613
"C:/Users/howli/Documents/Unreal Projects/SpriteTest 5.6/Content/Spritesheets/Pose_SS/Pose_SS_Sprite_28.uasset" 614
"C:/Users/howli/Documents/Unreal Projects/SpriteTest 5.6/Content/Spritesheets/Pose_SS/Pose_SS_Sprite_28.uexp" 615
"C:/Users/howli/Documents/Unreal Projects/SpriteTest 5.6/Content/Spritesheets/Pose_SS/Pose_SS_Sprite_29.uasset" 616
"C:/Users/howli/Documents/Unreal Projects/SpriteTest 5.6/Content/Spritesheets/Pose_SS/Pose_SS_Sprite_29.uexp" 617
"C:/Users/howli/Documents/Unreal Projects/SpriteTest 5.6/Content/Spritesheets/Pose_SS/Pose_SS_Sprite_30.uasset" 618
"C:/Users/howli/Documents/Unreal Projects/SpriteTest 5.6/Content/Spritesheets/Pose_SS/Pose_SS_Sprite_30.uexp" 619
"C:/Users/howli/Documents/Unreal Projects/SpriteTest 5.6/Content/Spritesheets/Pose_SS/Pose_SS_Sprite_31.uasset" 620
"C:/Users/howli/Documents/Unreal Projects/SpriteTest 5.6/Content/Spritesheets/Pose_SS/Pose_SS_Sprite_31.uexp" 621
"C:/Users/howli/Documents/Unreal Projects/SpriteTest 5.6/Content/Spritesheets/Pose_SS/Pose_SS_Sprite_32.uasset" 622
"C:/Users/howli/Documents/Unreal Projects/SpriteTest 5.6/Content/Spritesheets/Pose_SS/Pose_SS_Sprite_32.uexp" 623
"C:/Users/howli/Documents/Unreal Projects/SpriteTest 5.6/Content/Spritesheets/Pose_SS/Pose_SS_Sprite_33.uasset" 624
"C:/Users/howli/Documents/Unreal Projects/SpriteTest 5.6/Content/Spritesheets/Pose_SS/Pose_SS_Sprite_33.uexp" 625
"C:/Users/howli/Documents/Unreal Projects/SpriteTest 5.6/Content/Spritesheets/Pose_SS/Pose_SS_Sprite_34.uasset" 626
"C:/Users/howli/Documents/Unreal Projects/SpriteTest 5.6/Content/Spritesheets/Pose_SS/Pose_SS_Sprite_34.uexp" 627
"C:/Users/howli/Documents/Unreal Projects/SpriteTest 5.6/Content/Spritesheets/Pose_SS/Pose_SS_Sprite_35.uasset" 628
"C:/Users/howli/Documents/Unreal Projects/SpriteTest 5.6/Content/Spritesheets/Pose_SS/Pose_SS_Sprite_35.uexp" 629
"C:/Users/howli/Documents/Unreal Projects/SpriteTest 5.6/Content/Flipbooks/Pose_Anim.uasset" 630
"C:/Users/howli/Documents/Unreal Projects/SpriteTest 5.6/Content/Flipbooks/Pose_Anim.uexp" 631
"C:/Users/howli/Documents/Unreal Projects/SpriteTest 5.6/Content/Spritesheets/PoseIdle_SS/PoseIdle_SS.uasset" 632
"C:/Users/howli/Documents/Unreal Projects/SpriteTest 5.6/Content/Spritesheets/PoseIdle_SS/PoseIdle_SS.uexp" 633
"C:/Users/howli/Documents/Unreal Projects/SpriteTest 5.6/Content/Spritesheets/PoseIdle_SS/PoseIdle_SS_Sprite_0.uasset" 634
"C:/Users/howli/Documents/Unreal Projects/SpriteTest 5.6/Content/Spritesheets/PoseIdle_SS/PoseIdle_SS_Sprite_0.uexp" 635
"C:/Users/howli/Documents/Unreal Projects/SpriteTest 5.6/Content/Spritesheets/PoseIdle_SS/PoseIdle_SS_Sprite_1.uasset" 636
"C:/Users/howli/Documents/Unreal Projects/SpriteTest 5.6/Content/Spritesheets/PoseIdle_SS/PoseIdle_SS_Sprite_1.uexp" 637
"C:/Users/howli/Documents/Unreal Projects/SpriteTest 5.6/Content/Spritesheets/PoseIdle_SS/PoseIdle_SS_Sprite_2.uasset" 638
"C:/Users/howli/Documents/Unreal Projects/SpriteTest 5.6/Content/Spritesheets/PoseIdle_SS/PoseIdle_SS_Sprite_2.uexp" 639
"C:/Users/howli/Documents/Unreal Projects/SpriteTest 5.6/Content/Spritesheets/PoseIdle_SS/PoseIdle_SS_Sprite_3.uasset" 640
"C:/Users/howli/Documents/Unreal Projects/SpriteTest 5.6/Content/Spritesheets/PoseIdle_SS/PoseIdle_SS_Sprite_3.uexp" 641
"C:/Users/howli/Documents/Unreal Projects/SpriteTest 5.6/Content/Spritesheets/PoseIdle_SS/PoseIdle_SS_Sprite_4.uasset" 642
"C:/Users/howli/Documents/Unreal Projects/SpriteTest 5.6/Content/Spritesheets/PoseIdle_SS/PoseIdle_SS_Sprite_4.uexp" 643
"C:/Users/howli/Documents/Unreal Projects/SpriteTest 5.6/Content/Spritesheets/PoseIdle_SS/PoseIdle_SS_Sprite_5.uasset" 644
"C:/Users/howli/Documents/Unreal Projects/SpriteTest 5.6/Content/Spritesheets/PoseIdle_SS/PoseIdle_SS_Sprite_5.uexp" 645
"C:/Users/howli/Documents/Unreal Projects/SpriteTest 5.6/Content/Spritesheets/PoseIdle_SS/PoseIdle_SS_Sprite_6.uasset" 646
"C:/Users/howli/Documents/Unreal Projects/SpriteTest 5.6/Content/Spritesheets/PoseIdle_SS/PoseIdle_SS_Sprite_6.uexp" 647
"C:/Users/howli/Documents/Unreal Projects/SpriteTest 5.6/Content/Spritesheets/PoseIdle_SS/PoseIdle_SS_Sprite_7.uasset" 648
"C:/Users/howli/Documents/Unreal Projects/SpriteTest 5.6/Content/Spritesheets/PoseIdle_SS/PoseIdle_SS_Sprite_7.uexp" 649
"C:/Users/howli/Documents/Unreal Projects/SpriteTest 5.6/Content/Spritesheets/PoseIdle_SS/PoseIdle_SS_Sprite_8.uasset" 650
"C:/Users/howli/Documents/Unreal Projects/SpriteTest 5.6/Content/Spritesheets/PoseIdle_SS/PoseIdle_SS_Sprite_8.uexp" 651
"C:/Users/howli/Documents/Unreal Projects/SpriteTest 5.6/Content/Spritesheets/PoseIdle_SS/PoseIdle_SS_Sprite_9.uasset" 652
"C:/Users/howli/Documents/Unreal Projects/SpriteTest 5.6/Content/Spritesheets/PoseIdle_SS/PoseIdle_SS_Sprite_9.uexp" 653
"C:/Users/howli/Documents/Unreal Projects/SpriteTest 5.6/Content/Spritesheets/PoseIdle_SS/PoseIdle_SS_Sprite_10.uasset" 654
"C:/Users/howli/Documents/Unreal Projects/SpriteTest 5.6/Content/Spritesheets/PoseIdle_SS/PoseIdle_SS_Sprite_10.uexp" 655
"C:/Users/howli/Documents/Unreal Projects/SpriteTest 5.6/Content/Spritesheets/PoseIdle_SS/PoseIdle_SS_Sprite_11.uasset" 656
"C:/Users/howli/Documents/Unreal Projects/SpriteTest 5.6/Content/Spritesheets/PoseIdle_SS/PoseIdle_SS_Sprite_11.uexp" 657
"C:/Users/howli/Documents/Unreal Projects/SpriteTest 5.6/Content/Spritesheets/PoseIdle_SS/PoseIdle_SS_Sprite_12.uasset" 658
"C:/Users/howli/Documents/Unreal Projects/SpriteTest 5.6/Content/Spritesheets/PoseIdle_SS/PoseIdle_SS_Sprite_12.uexp" 659
"C:/Users/howli/Documents/Unreal Projects/SpriteTest 5.6/Content/Spritesheets/PoseIdle_SS/PoseIdle_SS_Sprite_13.uasset" 660
"C:/Users/howli/Documents/Unreal Projects/SpriteTest 5.6/Content/Spritesheets/PoseIdle_SS/PoseIdle_SS_Sprite_13.uexp" 661
"C:/Users/howli/Documents/Unreal Projects/SpriteTest 5.6/Content/Spritesheets/PoseIdle_SS/PoseIdle_SS_Sprite_14.uasset" 662
"C:/Users/howli/Documents/Unreal Projects/SpriteTest 5.6/Content/Spritesheets/PoseIdle_SS/PoseIdle_SS_Sprite_14.uexp" 663
"C:/Users/howli/Documents/Unreal Projects/SpriteTest 5.6/Content/Spritesheets/PoseIdle_SS/PoseIdle_SS_Sprite_15.uasset" 664
"C:/Users/howli/Documents/Unreal Projects/SpriteTest 5.6/Content/Spritesheets/PoseIdle_SS/PoseIdle_SS_Sprite_15.uexp" 665
"C:/Users/howli/Documents/Unreal Projects/SpriteTest 5.6/Content/Spritesheets/PoseIdle_SS/PoseIdle_SS_Sprite_16.uasset" 666
"C:/Users/howli/Documents/Unreal Projects/SpriteTest 5.6/Content/Spritesheets/PoseIdle_SS/PoseIdle_SS_Sprite_16.uexp" 667
"C:/Users/howli/Documents/Unreal Projects/SpriteTest 5.6/Content/Spritesheets/PoseIdle_SS/PoseIdle_SS_Sprite_17.uasset" 668
"C:/Users/howli/Documents/Unreal Projects/SpriteTest 5.6/Content/Spritesheets/PoseIdle_SS/PoseIdle_SS_Sprite_17.uexp" 669
"C:/Users/howli/Documents/Unreal Projects/SpriteTest 5.6/Content/Spritesheets/PoseIdle_SS/PoseIdle_SS_Sprite_18.uasset" 670
"C:/Users/howli/Documents/Unreal Projects/SpriteTest 5.6/Content/Spritesheets/PoseIdle_SS/PoseIdle_SS_Sprite_18.uexp" 671
"C:/Users/howli/Documents/Unreal Projects/SpriteTest 5.6/Content/Spritesheets/PoseIdle_SS/PoseIdle_SS_Sprite_19.uasset" 672
"C:/Users/howli/Documents/Unreal Projects/SpriteTest 5.6/Content/Spritesheets/PoseIdle_SS/PoseIdle_SS_Sprite_19.uexp" 673
"C:/Users/howli/Documents/Unreal Projects/SpriteTest 5.6/Content/Spritesheets/PoseIdle_SS/PoseIdle_SS_Sprite_20.uasset" 674
"C:/Users/howli/Documents/Unreal Projects/SpriteTest 5.6/Content/Spritesheets/PoseIdle_SS/PoseIdle_SS_Sprite_20.uexp" 675
"C:/Users/howli/Documents/Unreal Projects/SpriteTest 5.6/Content/Spritesheets/PoseIdle_SS/PoseIdle_SS_Sprite_21.uasset" 676
"C:/Users/howli/Documents/Unreal Projects/SpriteTest 5.6/Content/Spritesheets/PoseIdle_SS/PoseIdle_SS_Sprite_21.uexp" 677
"C:/Users/howli/Documents/Unreal Projects/SpriteTest 5.6/Content/Spritesheets/PoseIdle_SS/PoseIdle_SS_Sprite_22.uasset" 678
"C:/Users/howli/Documents/Unreal Projects/SpriteTest 5.6/Content/Spritesheets/PoseIdle_SS/PoseIdle_SS_Sprite_22.uexp" 679
"C:/Users/howli/Documents/Unreal Projects/SpriteTest 5.6/Content/Spritesheets/PoseIdle_SS/PoseIdle_SS_Sprite_23.uasset" 680
"C:/Users/howli/Documents/Unreal Projects/SpriteTest 5.6/Content/Spritesheets/PoseIdle_SS/PoseIdle_SS_Sprite_23.uexp" 681
"C:/Users/howli/Documents/Unreal Projects/SpriteTest 5.6/Content/Spritesheets/PoseIdle_SS/PoseIdle_SS_Sprite_24.uasset" 682
"C:/Users/howli/Documents/Unreal Projects/SpriteTest 5.6/Content/Spritesheets/PoseIdle_SS/PoseIdle_SS_Sprite_24.uexp" 683
"C:/Users/howli/Documents/Unreal Projects/SpriteTest 5.6/Content/Spritesheets/PoseIdle_SS/PoseIdle_SS_Sprite_25.uasset" 684
"C:/Users/howli/Documents/Unreal Projects/SpriteTest 5.6/Content/Spritesheets/PoseIdle_SS/PoseIdle_SS_Sprite_25.uexp" 685
"C:/Users/howli/Documents/Unreal Projects/SpriteTest 5.6/Content/Spritesheets/PoseIdle_SS/PoseIdle_SS_Sprite_26.uasset" 686
"C:/Users/howli/Documents/Unreal Projects/SpriteTest 5.6/Content/Spritesheets/PoseIdle_SS/PoseIdle_SS_Sprite_26.uexp" 687
"C:/Users/howli/Documents/Unreal Projects/SpriteTest 5.6/Content/Spritesheets/PoseIdle_SS/PoseIdle_SS_Sprite_27.uasset" 688
"C:/Users/howli/Documents/Unreal Projects/SpriteTest 5.6/Content/Spritesheets/PoseIdle_SS/PoseIdle_SS_Sprite_27.uexp" 689
"C:/Users/howli/Documents/Unreal Projects/SpriteTest 5.6/Content/Spritesheets/PoseIdle_SS/PoseIdle_SS_Sprite_28.uasset" 690
"C:/Users/howli/Documents/Unreal Projects/SpriteTest 5.6/Content/Spritesheets/PoseIdle_SS/PoseIdle_SS_Sprite_28.uexp" 691
"C:/Users/howli/Documents/Unreal Projects/SpriteTest 5.6/Content/Spritesheets/PoseIdle_SS/PoseIdle_SS_Sprite_29.uasset" 692
"C:/Users/howli/Documents/Unreal Projects/SpriteTest 5.6/Content/Spritesheets/PoseIdle_SS/PoseIdle_SS_Sprite_29.uexp" 693
"C:/Users/howli/Documents/Unreal Projects/SpriteTest 5.6/Content/Spritesheets/PoseIdle_SS/PoseIdle_SS_Sprite_30.uasset" 694
"C:/Users/howli/Documents/Unreal Projects/SpriteTest 5.6/Content/Spritesheets/PoseIdle_SS/PoseIdle_SS_Sprite_30.uexp" 695
"C:/Users/howli/Documents/Unreal Projects/SpriteTest 5.6/Content/Spritesheets/PoseIdle_SS/PoseIdle_SS_Sprite_31.uasset" 696
"C:/Users/howli/Documents/Unreal Projects/SpriteTest 5.6/Content/Spritesheets/PoseIdle_SS/PoseIdle_SS_Sprite_31.uexp" 697
"C:/Users/howli/Documents/Unreal Projects/SpriteTest 5.6/Content/Spritesheets/PoseIdle_SS/PoseIdle_SS_Sprite_32.uasset" 698
"C:/Users/howli/Documents/Unreal Projects/SpriteTest 5.6/Content/Spritesheets/PoseIdle_SS/PoseIdle_SS_Sprite_32.uexp" 699
"C:/Users/howli/Documents/Unreal Projects/SpriteTest 5.6/Content/Spritesheets/PoseIdle_SS/PoseIdle_SS_Sprite_33.uasset" 700
"C:/Users/howli/Documents/Unreal Projects/SpriteTest 5.6/Content/Spritesheets/PoseIdle_SS/PoseIdle_SS_Sprite_33.uexp" 701
"C:/Users/howli/Documents/Unreal Projects/SpriteTest 5.6/Content/Spritesheets/PoseIdle_SS/PoseIdle_SS_Sprite_34.uasset" 702
"C:/Users/howli/Documents/Unreal Projects/SpriteTest 5.6/Content/Spritesheets/PoseIdle_SS/PoseIdle_SS_Sprite_34.uexp" 703
"C:/Users/howli/Documents/Unreal Projects/SpriteTest 5.6/Content/Spritesheets/PoseIdle_SS/PoseIdle_SS_Sprite_35.uasset" 704
"C:/Users/howli/Documents/Unreal Projects/SpriteTest 5.6/Content/Spritesheets/PoseIdle_SS/PoseIdle_SS_Sprite_35.uexp" 705
"C:/Users/howli/Documents/Unreal Projects/SpriteTest 5.6/Content/Spritesheets/PoseIdle_SS/PoseIdle_SS_Sprite_36.uasset" 706
"C:/Users/howli/Documents/Unreal Projects/SpriteTest 5.6/Content/Spritesheets/PoseIdle_SS/PoseIdle_SS_Sprite_36.uexp" 707
"C:/Users/howli/Documents/Unreal Projects/SpriteTest 5.6/Content/Spritesheets/PoseIdle_SS/PoseIdle_SS_Sprite_37.uasset" 708
"C:/Users/howli/Documents/Unreal Projects/SpriteTest 5.6/Content/Spritesheets/PoseIdle_SS/PoseIdle_SS_Sprite_37.uexp" 709
"C:/Users/howli/Documents/Unreal Projects/SpriteTest 5.6/Content/Spritesheets/PoseIdle_SS/PoseIdle_SS_Sprite_38.uasset" 710
"C:/Users/howli/Documents/Unreal Projects/SpriteTest 5.6/Content/Spritesheets/PoseIdle_SS/PoseIdle_SS_Sprite_38.uexp" 711
"C:/Users/howli/Documents/Unreal Projects/SpriteTest 5.6/Content/Spritesheets/PoseIdle_SS/PoseIdle_SS_Sprite_39.uasset" 712
"C:/Users/howli/Documents/Unreal Projects/SpriteTest 5.6/Content/Spritesheets/PoseIdle_SS/PoseIdle_SS_Sprite_39.uexp" 713
"C:/Users/howli/Documents/Unreal Projects/SpriteTest 5.6/Content/Spritesheets/PoseIdle_SS/PoseIdle_SS_Sprite_40.uasset" 714
"C:/Users/howli/Documents/Unreal Projects/SpriteTest 5.6/Content/Spritesheets/PoseIdle_SS/PoseIdle_SS_Sprite_40.uexp" 715
"C:/Users/howli/Documents/Unreal Projects/SpriteTest 5.6/Content/Spritesheets/PoseIdle_SS/PoseIdle_SS_Sprite_41.uasset" 716
"C:/Users/howli/Documents/Unreal Projects/SpriteTest 5.6/Content/Spritesheets/PoseIdle_SS/PoseIdle_SS_Sprite_41.uexp" 717
"C:/Users/howli/Documents/Unreal Projects/SpriteTest 5.6/Content/Spritesheets/PoseIdle_SS/PoseIdle_SS_Sprite_42.uasset" 718
"C:/Users/howli/Documents/Unreal Projects/SpriteTest 5.6/Content/Spritesheets/PoseIdle_SS/PoseIdle_SS_Sprite_42.uexp" 719
"C:/Users/howli/Documents/Unreal Projects/SpriteTest 5.6/Content/Spritesheets/PoseIdle_SS/PoseIdle_SS_Sprite_43.uasset" 720
"C:/Users/howli/Documents/Unreal Projects/SpriteTest 5.6/Content/Spritesheets/PoseIdle_SS/PoseIdle_SS_Sprite_43.uexp" 721
"C:/Users/howli/Documents/Unreal Projects/SpriteTest 5.6/Content/Spritesheets/PoseIdle_SS/PoseIdle_SS_Sprite_44.uasset" 722
"C:/Users/howli/Documents/Unreal Projects/SpriteTest 5.6/Content/Spritesheets/PoseIdle_SS/PoseIdle_SS_Sprite_44.uexp" 723
"C:/Users/howli/Documents/Unreal Projects/SpriteTest 5.6/Content/Spritesheets/PoseIdle_SS/PoseIdle_SS_Sprite_45.uasset" 724
"C:/Users/howli/Documents/Unreal Projects/SpriteTest 5.6/Content/Spritesheets/PoseIdle_SS/PoseIdle_SS_Sprite_45.uexp" 725
"C:/Users/howli/Documents/Unreal Projects/SpriteTest 5.6/Content/Spritesheets/PoseIdle_SS/PoseIdle_SS_Sprite_46.uasset" 726
"C:/Users/howli/Documents/Unreal Projects/SpriteTest 5.6/Content/Spritesheets/PoseIdle_SS/PoseIdle_SS_Sprite_46.uexp" 727
"C:/Users/howli/Documents/Unreal Projects/SpriteTest 5.6/Content/Spritesheets/PoseIdle_SS/PoseIdle_SS_Sprite_47.uasset" 728
"C:/Users/howli/Documents/Unreal Projects/SpriteTest 5.6/Content/Spritesheets/PoseIdle_SS/PoseIdle_SS_Sprite_47.uexp" 729
"C:/Users/howli/Documents/Unreal Projects/SpriteTest 5.6/Content/Spritesheets/PoseIdle_SS/PoseIdle_SS_Sprite_48.uasset" 730
"C:/Users/howli/Documents/Unreal Projects/SpriteTest 5.6/Content/Spritesheets/PoseIdle_SS/PoseIdle_SS_Sprite_48.uexp" 731
"C:/Users/howli/Documents/Unreal Projects/SpriteTest 5.6/Content/Spritesheets/PoseIdle_SS/PoseIdle_SS_Sprite_49.uasset" 732
"C:/Users/howli/Documents/Unreal Projects/SpriteTest 5.6/Content/Spritesheets/PoseIdle_SS/PoseIdle_SS_Sprite_49.uexp" 733
"C:/Users/howli/Documents/Unreal Projects/SpriteTest 5.6/Content/Spritesheets/PoseIdle_SS/PoseIdle_SS_Sprite_50.uasset" 734
"C:/Users/howli/Documents/Unreal Projects/SpriteTest 5.6/Content/Spritesheets/PoseIdle_SS/PoseIdle_SS_Sprite_50.uexp" 735
"C:/Users/howli/Documents/Unreal Projects/SpriteTest 5.6/Content/Flipbooks/PoseIdle_Anim.uasset" 736
"C:/Users/howli/Documents/Unreal Projects/SpriteTest 5.6/Content/Flipbooks/PoseIdle_Anim.uexp" 737
"C:/Users/howli/Documents/Unreal Projects/SpriteTest 5.6/Content/Spritesheets/Jump_SS/Jump_SS.uasset" 738
"C:/Users/howli/Documents/Unreal Projects/SpriteTest 5.6/Content/Spritesheets/Jump_SS/Jump_SS.uexp" 739
"C:/Users/howli/Documents/Unreal Projects/SpriteTest 5.6/Content/Spritesheets/Jump_SS/Jump_SS_Sprite_30.uasset" 740
"C:/Users/howli/Documents/Unreal Projects/SpriteTest 5.6/Content/Spritesheets/Jump_SS/Jump_SS_Sprite_30.uexp" 741
"C:/Users/howli/Documents/Unreal Projects/SpriteTest 5.6/Content/Spritesheets/Jump_SS/Jump_SS_Sprite_31.uasset" 742
"C:/Users/howli/Documents/Unreal Projects/SpriteTest 5.6/Content/Spritesheets/Jump_SS/Jump_SS_Sprite_31.uexp" 743
"C:/Users/howli/Documents/Unreal Projects/SpriteTest 5.6/Content/Spritesheets/Jump_SS/Jump_SS_Sprite_32.uasset" 744
"C:/Users/howli/Documents/Unreal Projects/SpriteTest 5.6/Content/Spritesheets/Jump_SS/Jump_SS_Sprite_32.uexp" 745
"C:/Users/howli/Documents/Unreal Projects/SpriteTest 5.6/Content/Spritesheets/Jump_SS/Jump_SS_Sprite_33.uasset" 746
"C:/Users/howli/Documents/Unreal Projects/SpriteTest 5.6/Content/Spritesheets/Jump_SS/Jump_SS_Sprite_33.uexp" 747
"C:/Users/howli/Documents/Unreal Projects/SpriteTest 5.6/Content/Spritesheets/Jump_SS/Jump_SS_Sprite_34.uasset" 748
"C:/Users/howli/Documents/Unreal Projects/SpriteTest 5.6/Content/Spritesheets/Jump_SS/Jump_SS_Sprite_34.uexp" 749
"C:/Users/howli/Documents/Unreal Projects/SpriteTest 5.6/Content/Spritesheets/Jump_SS/Jump_SS_Sprite_35.uasset" 750
"C:/Users/howli/Documents/Unreal Projects/SpriteTest 5.6/Content/Spritesheets/Jump_SS/Jump_SS_Sprite_35.uexp" 751
"C:/Users/howli/Documents/Unreal Projects/SpriteTest 5.6/Content/Spritesheets/Jump_SS/Jump_SS_Sprite_36.uasset" 752
"C:/Users/howli/Documents/Unreal Projects/SpriteTest 5.6/Content/Spritesheets/Jump_SS/Jump_SS_Sprite_36.uexp" 753
"C:/Users/howli/Documents/Unreal Projects/SpriteTest 5.6/Content/Spritesheets/Jump_SS/Jump_SS_Sprite_37.uasset" 754
"C:/Users/howli/Documents/Unreal Projects/SpriteTest 5.6/Content/Spritesheets/Jump_SS/Jump_SS_Sprite_37.uexp" 755
"C:/Users/howli/Documents/Unreal Projects/SpriteTest 5.6/Content/Spritesheets/Jump_SS/Jump_SS_Sprite_38.uasset" 756
"C:/Users/howli/Documents/Unreal Projects/SpriteTest 5.6/Content/Spritesheets/Jump_SS/Jump_SS_Sprite_38.uexp" 757
"C:/Users/howli/Documents/Unreal Projects/SpriteTest 5.6/Content/Spritesheets/Jump_SS/Jump_SS_Sprite_39.uasset" 758
"C:/Users/howli/Documents/Unreal Projects/SpriteTest 5.6/Content/Spritesheets/Jump_SS/Jump_SS_Sprite_39.uexp" 759
"C:/Users/howli/Documents/Unreal Projects/SpriteTest 5.6/Content/Spritesheets/Jump_SS/Jump_SS_Sprite_40.uasset" 760
"C:/Users/howli/Documents/Unreal Projects/SpriteTest 5.6/Content/Spritesheets/Jump_SS/Jump_SS_Sprite_40.uexp" 761
"C:/Users/howli/Documents/Unreal Projects/SpriteTest 5.6/Content/Spritesheets/Jump_SS/Jump_SS_Sprite_41.uasset" 762
"C:/Users/howli/Documents/Unreal Projects/SpriteTest 5.6/Content/Spritesheets/Jump_SS/Jump_SS_Sprite_41.uexp" 763
"C:/Users/howli/Documents/Unreal Projects/SpriteTest 5.6/Content/Spritesheets/Jump_SS/Jump_SS_Sprite_42.uasset" 764
"C:/Users/howli/Documents/Unreal Projects/SpriteTest 5.6/Content/Spritesheets/Jump_SS/Jump_SS_Sprite_42.uexp" 765
"C:/Users/howli/Documents/Unreal Projects/SpriteTest 5.6/Content/Spritesheets/Jump_SS/Jump_SS_Sprite_43.uasset" 766
"C:/Users/howli/Documents/Unreal Projects/SpriteTest 5.6/Content/Spritesheets/Jump_SS/Jump_SS_Sprite_43.uexp" 767
"C:/Users/howli/Documents/Unreal Projects/SpriteTest 5.6/Content/Spritesheets/Jump_SS/Jump_SS_Sprite_44.uasset" 768
"C:/Users/howli/Documents/Unreal Projects/SpriteTest 5.6/Content/Spritesheets/Jump_SS/Jump_SS_Sprite_44.uexp" 769
"C:/Users/howli/Documents/Unreal Projects/SpriteTest 5.6/Content/Spritesheets/Jump_SS/Jump_SS_Sprite_45.uasset" 770
"C:/Users/howli/Documents/Unreal Projects/SpriteTest 5.6/Content/Spritesheets/Jump_SS/Jump_SS_Sprite_45.uexp" 771
"C:/Users/howli/Documents/Unreal Projects/SpriteTest 5.6/Content/Flipbooks/LandMotion.uasset" 772
"C:/Users/howli/Documents/Unreal Projects/SpriteTest 5.6/Content/Flipbooks/LandMotion.uexp" 773
"C:/Users/howli/Documents/Unreal Projects/SpriteTest 5.6/Content/Spritesheets/Jump_SS/Jump_SS_Sprite_8.uasset" 774
"C:/Users/howli/Documents/Unreal Projects/SpriteTest 5.6/Content/Spritesheets/Jump_SS/Jump_SS_Sprite_8.uexp" 775
"C:/Users/howli/Documents/Unreal Projects/SpriteTest 5.6/Content/Spritesheets/Jump_SS/Jump_SS_Sprite_9.uasset" 776
"C:/Users/howli/Documents/Unreal Projects/SpriteTest 5.6/Content/Spritesheets/Jump_SS/Jump_SS_Sprite_9.uexp" 777
"C:/Users/howli/Documents/Unreal Projects/SpriteTest 5.6/Content/Spritesheets/Jump_SS/Jump_SS_Sprite_10.uasset" 778
"C:/Users/howli/Documents/Unreal Projects/SpriteTest 5.6/Content/Spritesheets/Jump_SS/Jump_SS_Sprite_10.uexp" 779
"C:/Users/howli/Documents/Unreal Projects/SpriteTest 5.6/Content/Spritesheets/Jump_SS/Jump_SS_Sprite_11.uasset" 780
"C:/Users/howli/Documents/Unreal Projects/SpriteTest 5.6/Content/Spritesheets/Jump_SS/Jump_SS_Sprite_11.uexp" 781
"C:/Users/howli/Documents/Unreal Projects/SpriteTest 5.6/Content/Spritesheets/Jump_SS/Jump_SS_Sprite_12.uasset" 782
"C:/Users/howli/Documents/Unreal Projects/SpriteTest 5.6/Content/Spritesheets/Jump_SS/Jump_SS_Sprite_12.uexp" 783
"C:/Users/howli/Documents/Unreal Projects/SpriteTest 5.6/Content/Spritesheets/Jump_SS/Jump_SS_Sprite_13.uasset" 784
"C:/Users/howli/Documents/Unreal Projects/SpriteTest 5.6/Content/Spritesheets/Jump_SS/Jump_SS_Sprite_13.uexp" 785
"C:/Users/howli/Documents/Unreal Projects/SpriteTest 5.6/Content/Spritesheets/Jump_SS/Jump_SS_Sprite_14.uasset" 786
"C:/Users/howli/Documents/Unreal Projects/SpriteTest 5.6/Content/Spritesheets/Jump_SS/Jump_SS_Sprite_14.uexp" 787
"C:/Users/howli/Documents/Unreal Projects/SpriteTest 5.6/Content/Spritesheets/Jump_SS/Jump_SS_Sprite_15.uasset" 788
"C:/Users/howli/Documents/Unreal Projects/SpriteTest 5.6/Content/Spritesheets/Jump_SS/Jump_SS_Sprite_15.uexp" 789
"C:/Users/howli/Documents/Unreal Projects/SpriteTest 5.6/Content/Spritesheets/Jump_SS/Jump_SS_Sprite_16.uasset" 790
"C:/Users/howli/Documents/Unreal Projects/SpriteTest 5.6/Content/Spritesheets/Jump_SS/Jump_SS_Sprite_16.uexp" 791
"C:/Users/howli/Documents/Unreal Projects/SpriteTest 5.6/Content/Spritesheets/Jump_SS/Jump_SS_Sprite_17.uasset" 792
"C:/Users/howli/Documents/Unreal Projects/SpriteTest 5.6/Content/Spritesheets/Jump_SS/Jump_SS_Sprite_17.uexp" 793
"C:/Users/howli/Documents/Unreal Projects/SpriteTest 5.6/Content/Spritesheets/Jump_SS/Jump_SS_Sprite_18.uasset" 794
"C:/Users/howli/Documents/Unreal Projects/SpriteTest 5.6/Content/Spritesheets/Jump_SS/Jump_SS_Sprite_18.uexp" 795
"C:/Users/howli/Documents/Unreal Projects/SpriteTest 5.6/Content/Spritesheets/Jump_SS/Jump_SS_Sprite_19.uasset" 796
"C:/Users/howli/Documents/Unreal Projects/SpriteTest 5.6/Content/Spritesheets/Jump_SS/Jump_SS_Sprite_19.uexp" 797
"C:/Users/howli/Documents/Unreal Projects/SpriteTest 5.6/Content/Spritesheets/Jump_SS/Jump_SS_Sprite_20.uasset" 798
"C:/Users/howli/Documents/Unreal Projects/SpriteTest 5.6/Content/Spritesheets/Jump_SS/Jump_SS_Sprite_20.uexp" 799
"C:/Users/howli/Documents/Unreal Projects/SpriteTest 5.6/Content/Spritesheets/Jump_SS/Jump_SS_Sprite_21.uasset" 800
"C:/Users/howli/Documents/Unreal Projects/SpriteTest 5.6/Content/Spritesheets/Jump_SS/Jump_SS_Sprite_21.uexp" 801
"C:/Users/howli/Documents/Unreal Projects/SpriteTest 5.6/Content/Spritesheets/Jump_SS/Jump_SS_Sprite_22.uasset" 802
"C:/Users/howli/Documents/Unreal Projects/SpriteTest 5.6/Content/Spritesheets/Jump_SS/Jump_SS_Sprite_22.uexp" 803
"C:/Users/howli/Documents/Unreal Projects/SpriteTest 5.6/Content/Spritesheets/Jump_SS/Jump_SS_Sprite_23.uasset" 804
"C:/Users/howli/Documents/Unreal Projects/SpriteTest 5.6/Content/Spritesheets/Jump_SS/Jump_SS_Sprite_23.uexp" 805
"C:/Users/howli/Documents/Unreal Projects/SpriteTest 5.6/Content/Flipbooks/J_UpwardMotion.uasset" 806
"C:/Users/howli/Documents/Unreal Projects/SpriteTest 5.6/Content/Flipbooks/J_UpwardMotion.uexp" 807
"C:/Users/howli/Documents/Unreal Projects/SpriteTest 5.6/Content/Spritesheets/Jump_SS/Jump_SS_Sprite_24.uasset" 808
"C:/Users/howli/Documents/Unreal Projects/SpriteTest 5.6/Content/Spritesheets/Jump_SS/Jump_SS_Sprite_24.uexp" 809
"C:/Users/howli/Documents/Unreal Projects/SpriteTest 5.6/Content/Spritesheets/Jump_SS/Jump_SS_Sprite_25.uasset" 810
"C:/Users/howli/Documents/Unreal Projects/SpriteTest 5.6/Content/Spritesheets/Jump_SS/Jump_SS_Sprite_25.uexp" 811
"C:/Users/howli/Documents/Unreal Projects/SpriteTest 5.6/Content/Spritesheets/Jump_SS/Jump_SS_Sprite_26.uasset" 812
"C:/Users/howli/Documents/Unreal Projects/SpriteTest 5.6/Content/Spritesheets/Jump_SS/Jump_SS_Sprite_26.uexp" 813
"C:/Users/howli/Documents/Unreal Projects/SpriteTest 5.6/Content/Spritesheets/Jump_SS/Jump_SS_Sprite_27.uasset" 814
"C:/Users/howli/Documents/Unreal Projects/SpriteTest 5.6/Content/Spritesheets/Jump_SS/Jump_SS_Sprite_27.uexp" 815
"C:/Users/howli/Documents/Unreal Projects/SpriteTest 5.6/Content/Spritesheets/Jump_SS/Jump_SS_Sprite_28.uasset" 816
"C:/Users/howli/Documents/Unreal Projects/SpriteTest 5.6/Content/Spritesheets/Jump_SS/Jump_SS_Sprite_28.uexp" 817
"C:/Users/howli/Documents/Unreal Projects/SpriteTest 5.6/Content/Spritesheets/Jump_SS/Jump_SS_Sprite_29.uasset" 818
"C:/Users/howli/Documents/Unreal Projects/SpriteTest 5.6/Content/Spritesheets/Jump_SS/Jump_SS_Sprite_29.uexp" 819
"C:/Users/howli/Documents/Unreal Projects/SpriteTest 5.6/Content/Flipbooks/J_DownwardMotion.uasset" 820
"C:/Users/howli/Documents/Unreal Projects/SpriteTest 5.6/Content/Flipbooks/J_DownwardMotion.uexp" 821
"C:/Users/howli/Documents/Unreal Projects/SpriteTest 5.6/Content/Spritesheets/Idle_SS/Idle_SS.uasset" 822
"C:/Users/howli/Documents/Unreal Projects/SpriteTest 5.6/Content/Spritesheets/Idle_SS/Idle_SS.uexp" 823
"C:/Users/howli/Documents/Unreal Projects/SpriteTest 5.6/Content/Spritesheets/Idle_SS/Idle_SS_Sprite_0.uasset" 824
"C:/Users/howli/Documents/Unreal Projects/SpriteTest 5.6/Content/Spritesheets/Idle_SS/Idle_SS_Sprite_0.uexp" 825
"C:/Users/howli/Documents/Unreal Projects/SpriteTest 5.6/Content/Spritesheets/Idle_SS/Idle_SS_Sprite_1.uasset" 826
"C:/Users/howli/Documents/Unreal Projects/SpriteTest 5.6/Content/Spritesheets/Idle_SS/Idle_SS_Sprite_1.uexp" 827
"C:/Users/howli/Documents/Unreal Projects/SpriteTest 5.6/Content/Spritesheets/Idle_SS/Idle_SS_Sprite_2.uasset" 828
"C:/Users/howli/Documents/Unreal Projects/SpriteTest 5.6/Content/Spritesheets/Idle_SS/Idle_SS_Sprite_2.uexp" 829
"C:/Users/howli/Documents/Unreal Projects/SpriteTest 5.6/Content/Spritesheets/Idle_SS/Idle_SS_Sprite_3.uasset" 830
"C:/Users/howli/Documents/Unreal Projects/SpriteTest 5.6/Content/Spritesheets/Idle_SS/Idle_SS_Sprite_3.uexp" 831
"C:/Users/howli/Documents/Unreal Projects/SpriteTest 5.6/Content/Spritesheets/Idle_SS/Idle_SS_Sprite_4.uasset" 832
"C:/Users/howli/Documents/Unreal Projects/SpriteTest 5.6/Content/Spritesheets/Idle_SS/Idle_SS_Sprite_4.uexp" 833
"C:/Users/howli/Documents/Unreal Projects/SpriteTest 5.6/Content/Spritesheets/Idle_SS/Idle_SS_Sprite_5.uasset" 834
"C:/Users/howli/Documents/Unreal Projects/SpriteTest 5.6/Content/Spritesheets/Idle_SS/Idle_SS_Sprite_5.uexp" 835
"C:/Users/howli/Documents/Unreal Projects/SpriteTest 5.6/Content/Spritesheets/Idle_SS/Idle_SS_Sprite_6.uasset" 836
"C:/Users/howli/Documents/Unreal Projects/SpriteTest 5.6/Content/Spritesheets/Idle_SS/Idle_SS_Sprite_6.uexp" 837
"C:/Users/howli/Documents/Unreal Projects/SpriteTest 5.6/Content/Spritesheets/Idle_SS/Idle_SS_Sprite_7.uasset" 838
"C:/Users/howli/Documents/Unreal Projects/SpriteTest 5.6/Content/Spritesheets/Idle_SS/Idle_SS_Sprite_7.uexp" 839
"C:/Users/howli/Documents/Unreal Projects/SpriteTest 5.6/Content/Spritesheets/Idle_SS/Idle_SS_Sprite_8.uasset" 840
"C:/Users/howli/Documents/Unreal Projects/SpriteTest 5.6/Content/Spritesheets/Idle_SS/Idle_SS_Sprite_8.uexp" 841
"C:/Users/howli/Documents/Unreal Projects/SpriteTest 5.6/Content/Spritesheets/Idle_SS/Idle_SS_Sprite_9.uasset" 842
"C:/Users/howli/Documents/Unreal Projects/SpriteTest 5.6/Content/Spritesheets/Idle_SS/Idle_SS_Sprite_9.uexp" 843
"C:/Users/howli/Documents/Unreal Projects/SpriteTest 5.6/Content/Spritesheets/Idle_SS/Idle_SS_Sprite_10.uasset" 844
"C:/Users/howli/Documents/Unreal Projects/SpriteTest 5.6/Content/Spritesheets/Idle_SS/Idle_SS_Sprite_10.uexp" 845
"C:/Users/howli/Documents/Unreal Projects/SpriteTest 5.6/Content/Spritesheets/Idle_SS/Idle_SS_Sprite_11.uasset" 846
"C:/Users/howli/Documents/Unreal Projects/SpriteTest 5.6/Content/Spritesheets/Idle_SS/Idle_SS_Sprite_11.uexp" 847
"C:/Users/howli/Documents/Unreal Projects/SpriteTest 5.6/Content/Spritesheets/Idle_SS/Idle_SS_Sprite_12.uasset" 848
"C:/Users/howli/Documents/Unreal Projects/SpriteTest 5.6/Content/Spritesheets/Idle_SS/Idle_SS_Sprite_12.uexp" 849
"C:/Users/howli/Documents/Unreal Projects/SpriteTest 5.6/Content/Spritesheets/Idle_SS/Idle_SS_Sprite_13.uasset" 850
"C:/Users/howli/Documents/Unreal Projects/SpriteTest 5.6/Content/Spritesheets/Idle_SS/Idle_SS_Sprite_13.uexp" 851
"C:/Users/howli/Documents/Unreal Projects/SpriteTest 5.6/Content/Spritesheets/Idle_SS/Idle_SS_Sprite_14.uasset" 852
"C:/Users/howli/Documents/Unreal Projects/SpriteTest 5.6/Content/Spritesheets/Idle_SS/Idle_SS_Sprite_14.uexp" 853
"C:/Users/howli/Documents/Unreal Projects/SpriteTest 5.6/Content/Spritesheets/Idle_SS/Idle_SS_Sprite_15.uasset" 854
"C:/Users/howli/Documents/Unreal Projects/SpriteTest 5.6/Content/Spritesheets/Idle_SS/Idle_SS_Sprite_15.uexp" 855
"C:/Users/howli/Documents/Unreal Projects/SpriteTest 5.6/Content/Spritesheets/Idle_SS/Idle_SS_Sprite_16.uasset" 856
"C:/Users/howli/Documents/Unreal Projects/SpriteTest 5.6/Content/Spritesheets/Idle_SS/Idle_SS_Sprite_16.uexp" 857
"C:/Users/howli/Documents/Unreal Projects/SpriteTest 5.6/Content/Spritesheets/Idle_SS/Idle_SS_Sprite_17.uasset" 858
"C:/Users/howli/Documents/Unreal Projects/SpriteTest 5.6/Content/Spritesheets/Idle_SS/Idle_SS_Sprite_17.uexp" 859
"C:/Users/howli/Documents/Unreal Projects/SpriteTest 5.6/Content/Spritesheets/Idle_SS/Idle_SS_Sprite_18.uasset" 860
"C:/Users/howli/Documents/Unreal Projects/SpriteTest 5.6/Content/Spritesheets/Idle_SS/Idle_SS_Sprite_18.uexp" 861
"C:/Users/howli/Documents/Unreal Projects/SpriteTest 5.6/Content/Spritesheets/Idle_SS/Idle_SS_Sprite_19.uasset" 862
"C:/Users/howli/Documents/Unreal Projects/SpriteTest 5.6/Content/Spritesheets/Idle_SS/Idle_SS_Sprite_19.uexp" 863
"C:/Users/howli/Documents/Unreal Projects/SpriteTest 5.6/Content/Spritesheets/Idle_SS/Idle_SS_Sprite_20.uasset" 864
"C:/Users/howli/Documents/Unreal Projects/SpriteTest 5.6/Content/Spritesheets/Idle_SS/Idle_SS_Sprite_20.uexp" 865
"C:/Users/howli/Documents/Unreal Projects/SpriteTest 5.6/Content/Spritesheets/Idle_SS/Idle_SS_Sprite_21.uasset" 866
"C:/Users/howli/Documents/Unreal Projects/SpriteTest 5.6/Content/Spritesheets/Idle_SS/Idle_SS_Sprite_21.uexp" 867
"C:/Users/howli/Documents/Unreal Projects/SpriteTest 5.6/Content/Spritesheets/Idle_SS/Idle_SS_Sprite_22.uasset" 868
"C:/Users/howli/Documents/Unreal Projects/SpriteTest 5.6/Content/Spritesheets/Idle_SS/Idle_SS_Sprite_22.uexp" 869
"C:/Users/howli/Documents/Unreal Projects/SpriteTest 5.6/Content/Spritesheets/Idle_SS/Idle_SS_Sprite_23.uasset" 870
"C:/Users/howli/Documents/Unreal Projects/SpriteTest 5.6/Content/Spritesheets/Idle_SS/Idle_SS_Sprite_23.uexp" 871
"C:/Users/howli/Documents/Unreal Projects/SpriteTest 5.6/Content/Spritesheets/Idle_SS/Idle_SS_Sprite_24.uasset" 872
"C:/Users/howli/Documents/Unreal Projects/SpriteTest 5.6/Content/Spritesheets/Idle_SS/Idle_SS_Sprite_24.uexp" 873
"C:/Users/howli/Documents/Unreal Projects/SpriteTest 5.6/Content/Spritesheets/Idle_SS/Idle_SS_Sprite_25.uasset" 874
"C:/Users/howli/Documents/Unreal Projects/SpriteTest 5.6/Content/Spritesheets/Idle_SS/Idle_SS_Sprite_25.uexp" 875
"C:/Users/howli/Documents/Unreal Projects/SpriteTest 5.6/Content/Spritesheets/Idle_SS/Idle_SS_Sprite_26.uasset" 876
"C:/Users/howli/Documents/Unreal Projects/SpriteTest 5.6/Content/Spritesheets/Idle_SS/Idle_SS_Sprite_26.uexp" 877
"C:/Users/howli/Documents/Unreal Projects/SpriteTest 5.6/Content/Spritesheets/Idle_SS/Idle_SS_Sprite_27.uasset" 878
"C:/Users/howli/Documents/Unreal Projects/SpriteTest 5.6/Content/Spritesheets/Idle_SS/Idle_SS_Sprite_27.uexp" 879
"C:/Users/howli/Documents/Unreal Projects/SpriteTest 5.6/Content/Spritesheets/Idle_SS/Idle_SS_Sprite_28.uasset" 880
"C:/Users/howli/Documents/Unreal Projects/SpriteTest 5.6/Content/Spritesheets/Idle_SS/Idle_SS_Sprite_28.uexp" 881
"C:/Users/howli/Documents/Unreal Projects/SpriteTest 5.6/Content/Spritesheets/Idle_SS/Idle_SS_Sprite_29.uasset" 882
"C:/Users/howli/Documents/Unreal Projects/SpriteTest 5.6/Content/Spritesheets/Idle_SS/Idle_SS_Sprite_29.uexp" 883
"C:/Users/howli/Documents/Unreal Projects/SpriteTest 5.6/Content/Spritesheets/Idle_SS/Idle_SS_Sprite_30.uasset" 884
"C:/Users/howli/Documents/Unreal Projects/SpriteTest 5.6/Content/Spritesheets/Idle_SS/Idle_SS_Sprite_30.uexp" 885
"C:/Users/howli/Documents/Unreal Projects/SpriteTest 5.6/Content/Spritesheets/Idle_SS/Idle_SS_Sprite_31.uasset" 886
"C:/Users/howli/Documents/Unreal Projects/SpriteTest 5.6/Content/Spritesheets/Idle_SS/Idle_SS_Sprite_31.uexp" 887
"C:/Users/howli/Documents/Unreal Projects/SpriteTest 5.6/Content/Spritesheets/Idle_SS/Idle_SS_Sprite_32.uasset" 888
"C:/Users/howli/Documents/Unreal Projects/SpriteTest 5.6/Content/Spritesheets/Idle_SS/Idle_SS_Sprite_32.uexp" 889
"C:/Users/howli/Documents/Unreal Projects/SpriteTest 5.6/Content/Spritesheets/Idle_SS/Idle_SS_Sprite_33.uasset" 890
"C:/Users/howli/Documents/Unreal Projects/SpriteTest 5.6/Content/Spritesheets/Idle_SS/Idle_SS_Sprite_33.uexp" 891
"C:/Users/howli/Documents/Unreal Projects/SpriteTest 5.6/Content/Spritesheets/Idle_SS/Idle_SS_Sprite_34.uasset" 892
"C:/Users/howli/Documents/Unreal Projects/SpriteTest 5.6/Content/Spritesheets/Idle_SS/Idle_SS_Sprite_34.uexp" 893
"C:/Users/howli/Documents/Unreal Projects/SpriteTest 5.6/Content/Spritesheets/Idle_SS/Idle_SS_Sprite_35.uasset" 894
"C:/Users/howli/Documents/Unreal Projects/SpriteTest 5.6/Content/Spritesheets/Idle_SS/Idle_SS_Sprite_35.uexp" 895
"C:/Users/howli/Documents/Unreal Projects/SpriteTest 5.6/Content/Spritesheets/Idle_SS/Idle_SS_Sprite_36.uasset" 896
"C:/Users/howli/Documents/Unreal Projects/SpriteTest 5.6/Content/Spritesheets/Idle_SS/Idle_SS_Sprite_36.uexp" 897
"C:/Users/howli/Documents/Unreal Projects/SpriteTest 5.6/Content/Spritesheets/Idle_SS/Idle_SS_Sprite_37.uasset" 898
"C:/Users/howli/Documents/Unreal Projects/SpriteTest 5.6/Content/Spritesheets/Idle_SS/Idle_SS_Sprite_37.uexp" 899
"C:/Users/howli/Documents/Unreal Projects/SpriteTest 5.6/Content/Spritesheets/Idle_SS/Idle_SS_Sprite_38.uasset" 900
"C:/Users/howli/Documents/Unreal Projects/SpriteTest 5.6/Content/Spritesheets/Idle_SS/Idle_SS_Sprite_38.uexp" 901
"C:/Users/howli/Documents/Unreal Projects/SpriteTest 5.6/Content/Flipbooks/Idle_Anim.uasset" 902
"C:/Users/howli/Documents/Unreal Projects/SpriteTest 5.6/Content/Flipbooks/Idle_Anim.uexp" 903
"C:/Users/howli/Documents/Unreal Projects/SpriteTest 5.6/Content/Spritesheets/GroundSlide_SS/Ground_Slide_SS.uasset" 904
"C:/Users/howli/Documents/Unreal Projects/SpriteTest 5.6/Content/Spritesheets/GroundSlide_SS/Ground_Slide_SS.uexp" 905
"C:/Users/howli/Documents/Unreal Projects/SpriteTest 5.6/Content/Spritesheets/GroundSlide_SS/Ground_Slide_SS_Sprite_0.uasset" 906
"C:/Users/howli/Documents/Unreal Projects/SpriteTest 5.6/Content/Spritesheets/GroundSlide_SS/Ground_Slide_SS_Sprite_0.uexp" 907
"C:/Users/howli/Documents/Unreal Projects/SpriteTest 5.6/Content/Spritesheets/GroundSlide_SS/Ground_Slide_SS_Sprite_1.uasset" 908
"C:/Users/howli/Documents/Unreal Projects/SpriteTest 5.6/Content/Spritesheets/GroundSlide_SS/Ground_Slide_SS_Sprite_1.uexp" 909
"C:/Users/howli/Documents/Unreal Projects/SpriteTest 5.6/Content/Spritesheets/GroundSlide_SS/Ground_Slide_SS_Sprite_2.uasset" 910
"C:/Users/howli/Documents/Unreal Projects/SpriteTest 5.6/Content/Spritesheets/GroundSlide_SS/Ground_Slide_SS_Sprite_2.uexp" 911
"C:/Users/howli/Documents/Unreal Projects/SpriteTest 5.6/Content/Spritesheets/GroundSlide_SS/Ground_Slide_SS_Sprite_3.uasset" 912
"C:/Users/howli/Documents/Unreal Projects/SpriteTest 5.6/Content/Spritesheets/GroundSlide_SS/Ground_Slide_SS_Sprite_3.uexp" 913
"C:/Users/howli/Documents/Unreal Projects/SpriteTest 5.6/Content/Spritesheets/GroundSlide_SS/Ground_Slide_SS_Sprite_4.uasset" 914
"C:/Users/howli/Documents/Unreal Projects/SpriteTest 5.6/Content/Spritesheets/GroundSlide_SS/Ground_Slide_SS_Sprite_4.uexp" 915
"C:/Users/howli/Documents/Unreal Projects/SpriteTest 5.6/Content/Spritesheets/GroundSlide_SS/Ground_Slide_SS_Sprite_5.uasset" 916
"C:/Users/howli/Documents/Unreal Projects/SpriteTest 5.6/Content/Spritesheets/GroundSlide_SS/Ground_Slide_SS_Sprite_5.uexp" 917
"C:/Users/howli/Documents/Unreal Projects/SpriteTest 5.6/Content/Spritesheets/GroundSlide_SS/Ground_Slide_SS_Sprite_6.uasset" 918
"C:/Users/howli/Documents/Unreal Projects/SpriteTest 5.6/Content/Spritesheets/GroundSlide_SS/Ground_Slide_SS_Sprite_6.uexp" 919
"C:/Users/howli/Documents/Unreal Projects/SpriteTest 5.6/Content/Spritesheets/GroundSlide_SS/Ground_Slide_SS_Sprite_7.uasset" 920
"C:/Users/howli/Documents/Unreal Projects/SpriteTest 5.6/Content/Spritesheets/GroundSlide_SS/Ground_Slide_SS_Sprite_7.uexp" 921
"C:/Users/howli/Documents/Unreal Projects/SpriteTest 5.6/Content/Spritesheets/GroundSlide_SS/Ground_Slide_SS_Sprite_8.uasset" 922
"C:/Users/howli/Documents/Unreal Projects/SpriteTest 5.6/Content/Spritesheets/GroundSlide_SS/Ground_Slide_SS_Sprite_8.uexp" 923
"C:/Users/howli/Documents/Unreal Projects/SpriteTest 5.6/Content/Spritesheets/GroundSlide_SS/Ground_Slide_SS_Sprite_9.uasset" 924
"C:/Users/howli/Documents/Unreal Projects/SpriteTest 5.6/Content/Spritesheets/GroundSlide_SS/Ground_Slide_SS_Sprite_9.uexp" 925
"C:/Users/howli/Documents/Unreal Projects/SpriteTest 5.6/Content/Spritesheets/GroundSlide_SS/Ground_Slide_SS_Sprite_10.uasset" 926
"C:/Users/howli/Documents/Unreal Projects/SpriteTest 5.6/Content/Spritesheets/GroundSlide_SS/Ground_Slide_SS_Sprite_10.uexp" 927
"C:/Users/howli/Documents/Unreal Projects/SpriteTest 5.6/Content/Spritesheets/GroundSlide_SS/Ground_Slide_SS_Sprite_11.uasset" 928
"C:/Users/howli/Documents/Unreal Projects/SpriteTest 5.6/Content/Spritesheets/GroundSlide_SS/Ground_Slide_SS_Sprite_11.uexp" 929
"C:/Users/howli/Documents/Unreal Projects/SpriteTest 5.6/Content/Spritesheets/GroundSlide_SS/Ground_Slide_SS_Sprite_12.uasset" 930
"C:/Users/howli/Documents/Unreal Projects/SpriteTest 5.6/Content/Spritesheets/GroundSlide_SS/Ground_Slide_SS_Sprite_12.uexp" 931
"C:/Users/howli/Documents/Unreal Projects/SpriteTest 5.6/Content/Spritesheets/GroundSlide_SS/Ground_Slide_SS_Sprite_13.uasset" 932
"C:/Users/howli/Documents/Unreal Projects/SpriteTest 5.6/Content/Spritesheets/GroundSlide_SS/Ground_Slide_SS_Sprite_13.uexp" 933
"C:/Users/howli/Documents/Unreal Projects/SpriteTest 5.6/Content/Spritesheets/GroundSlide_SS/Ground_Slide_SS_Sprite_14.uasset" 934
"C:/Users/howli/Documents/Unreal Projects/SpriteTest 5.6/Content/Spritesheets/GroundSlide_SS/Ground_Slide_SS_Sprite_14.uexp" 935
"C:/Users/howli/Documents/Unreal Projects/SpriteTest 5.6/Content/Spritesheets/GroundSlide_SS/Ground_Slide_SS_Sprite_15.uasset" 936
"C:/Users/howli/Documents/Unreal Projects/SpriteTest 5.6/Content/Spritesheets/GroundSlide_SS/Ground_Slide_SS_Sprite_15.uexp" 937
"C:/Users/howli/Documents/Unreal Projects/SpriteTest 5.6/Content/Spritesheets/GroundSlide_SS/Ground_Slide_SS_Sprite_16.uasset" 938
"C:/Users/howli/Documents/Unreal Projects/SpriteTest 5.6/Content/Spritesheets/GroundSlide_SS/Ground_Slide_SS_Sprite_16.uexp" 939
"C:/Users/howli/Documents/Unreal Projects/SpriteTest 5.6/Content/Spritesheets/GroundSlide_SS/Ground_Slide_SS_Sprite_17.uasset" 940
"C:/Users/howli/Documents/Unreal Projects/SpriteTest 5.6/Content/Spritesheets/GroundSlide_SS/Ground_Slide_SS_Sprite_17.uexp" 941
"C:/Users/howli/Documents/Unreal Projects/SpriteTest 5.6/Content/Spritesheets/GroundSlide_SS/Ground_Slide_SS_Sprite_18.uasset" 942
"C:/Users/howli/Documents/Unreal Projects/SpriteTest 5.6/Content/Spritesheets/GroundSlide_SS/Ground_Slide_SS_Sprite_18.uexp" 943
"C:/Users/howli/Documents/Unreal Projects/SpriteTest 5.6/Content/Spritesheets/GroundSlide_SS/Ground_Slide_SS_Sprite_19.uasset" 944
"C:/Users/howli/Documents/Unreal Projects/SpriteTest 5.6/Content/Spritesheets/GroundSlide_SS/Ground_Slide_SS_Sprite_19.uexp" 945
"C:/Users/howli/Documents/Unreal Projects/SpriteTest 5.6/Content/Spritesheets/GroundSlide_SS/Ground_Slide_SS_Sprite_20.uasset" 946
"C:/Users/howli/Documents/Unreal Projects/SpriteTest 5.6/Content/Spritesheets/GroundSlide_SS/Ground_Slide_SS_Sprite_20.uexp" 947
"C:/Users/howli/Documents/Unreal Projects/SpriteTest 5.6/Content/Spritesheets/GroundSlide_SS/Ground_Slide_SS_Sprite_21.uasset" 948
"C:/Users/howli/Documents/Unreal Projects/SpriteTest 5.6/Content/Spritesheets/GroundSlide_SS/Ground_Slide_SS_Sprite_21.uexp" 949
"C:/Users/howli/Documents/Unreal Projects/SpriteTest 5.6/Content/Spritesheets/GroundSlide_SS/Ground_Slide_SS_Sprite_22.uasset" 950
"C:/Users/howli/Documents/Unreal Projects/SpriteTest 5.6/Content/Spritesheets/GroundSlide_SS/Ground_Slide_SS_Sprite_22.uexp" 951
"C:/Users/howli/Documents/Unreal Projects/SpriteTest 5.6/Content/Spritesheets/GroundSlide_SS/Ground_Slide_SS_Sprite_23.uasset" 952
"C:/Users/howli/Documents/Unreal Projects/SpriteTest 5.6/Content/Spritesheets/GroundSlide_SS/Ground_Slide_SS_Sprite_23.uexp" 953
"C:/Users/howli/Documents/Unreal Projects/SpriteTest 5.6/Content/Spritesheets/GroundSlide_SS/Ground_Slide_SS_Sprite_24.uasset" 954
"C:/Users/howli/Documents/Unreal Projects/SpriteTest 5.6/Content/Spritesheets/GroundSlide_SS/Ground_Slide_SS_Sprite_24.uexp" 955
"C:/Users/howli/Documents/Unreal Projects/SpriteTest 5.6/Content/Spritesheets/GroundSlide_SS/Ground_Slide_SS_Sprite_25.uasset" 956
"C:/Users/howli/Documents/Unreal Projects/SpriteTest 5.6/Content/Spritesheets/GroundSlide_SS/Ground_Slide_SS_Sprite_25.uexp" 957
"C:/Users/howli/Documents/Unreal Projects/SpriteTest 5.6/Content/Spritesheets/GroundSlide_SS/Ground_Slide_SS_Sprite_26.uasset" 958
"C:/Users/howli/Documents/Unreal Projects/SpriteTest 5.6/Content/Spritesheets/GroundSlide_SS/Ground_Slide_SS_Sprite_26.uexp" 959
"C:/Users/howli/Documents/Unreal Projects/SpriteTest 5.6/Content/Spritesheets/GroundSlide_SS/Ground_Slide_SS_Sprite_27.uasset" 960
"C:/Users/howli/Documents/Unreal Projects/SpriteTest 5.6/Content/Spritesheets/GroundSlide_SS/Ground_Slide_SS_Sprite_27.uexp" 961
"C:/Users/howli/Documents/Unreal Projects/SpriteTest 5.6/Content/Spritesheets/GroundSlide_SS/Ground_Slide_SS_Sprite_28.uasset" 962
"C:/Users/howli/Documents/Unreal Projects/SpriteTest 5.6/Content/Spritesheets/GroundSlide_SS/Ground_Slide_SS_Sprite_28.uexp" 963
"C:/Users/howli/Documents/Unreal Projects/SpriteTest 5.6/Content/Spritesheets/GroundSlide_SS/Ground_Slide_SS_Sprite_29.uasset" 964
"C:/Users/howli/Documents/Unreal Projects/SpriteTest 5.6/Content/Spritesheets/GroundSlide_SS/Ground_Slide_SS_Sprite_29.uexp" 965
"C:/Users/howli/Documents/Unreal Projects/SpriteTest 5.6/Content/Spritesheets/GroundSlide_SS/Ground_Slide_SS_Sprite_30.uasset" 966
"C:/Users/howli/Documents/Unreal Projects/SpriteTest 5.6/Content/Spritesheets/GroundSlide_SS/Ground_Slide_SS_Sprite_30.uexp" 967
"C:/Users/howli/Documents/Unreal Projects/SpriteTest 5.6/Content/Spritesheets/GroundSlide_SS/Ground_Slide_SS_Sprite_31.uasset" 968
"C:/Users/howli/Documents/Unreal Projects/SpriteTest 5.6/Content/Spritesheets/GroundSlide_SS/Ground_Slide_SS_Sprite_31.uexp" 969
"C:/Users/howli/Documents/Unreal Projects/SpriteTest 5.6/Content/Spritesheets/GroundSlide_SS/Ground_Slide_SS_Sprite_32.uasset" 970
"C:/Users/howli/Documents/Unreal Projects/SpriteTest 5.6/Content/Spritesheets/GroundSlide_SS/Ground_Slide_SS_Sprite_32.uexp" 971
"C:/Users/howli/Documents/Unreal Projects/SpriteTest 5.6/Content/Spritesheets/GroundSlide_SS/Ground_Slide_SS_Sprite_33.uasset" 972
"C:/Users/howli/Documents/Unreal Projects/SpriteTest 5.6/Content/Spritesheets/GroundSlide_SS/Ground_Slide_SS_Sprite_33.uexp" 973
"C:/Users/howli/Documents/Unreal Projects/SpriteTest 5.6/Content/Spritesheets/GroundSlide_SS/Ground_Slide_SS_Sprite_34.uasset" 974
"C:/Users/howli/Documents/Unreal Projects/SpriteTest 5.6/Content/Spritesheets/GroundSlide_SS/Ground_Slide_SS_Sprite_34.uexp" 975
"C:/Users/howli/Documents/Unreal Projects/SpriteTest 5.6/Content/Spritesheets/GroundSlide_SS/Ground_Slide_SS_Sprite_35.uasset" 976
"C:/Users/howli/Documents/Unreal Projects/SpriteTest 5.6/Content/Spritesheets/GroundSlide_SS/Ground_Slide_SS_Sprite_35.uexp" 977
"C:/Users/howli/Documents/Unreal Projects/SpriteTest 5.6/Content/Spritesheets/GroundSlide_SS/Ground_Slide_SS_Sprite_36.uasset" 978
"C:/Users/howli/Documents/Unreal Projects/SpriteTest 5.6/Content/Spritesheets/GroundSlide_SS/Ground_Slide_SS_Sprite_36.uexp" 979
"C:/Users/howli/Documents/Unreal Projects/SpriteTest 5.6/Content/Spritesheets/GroundSlide_SS/Ground_Slide_SS_Sprite_37.uasset" 980
"C:/Users/howli/Documents/Unreal Projects/SpriteTest 5.6/Content/Spritesheets/GroundSlide_SS/Ground_Slide_SS_Sprite_37.uexp" 981
"C:/Users/howli/Documents/Unreal Projects/SpriteTest 5.6/Content/Spritesheets/GroundSlide_SS/Ground_Slide_SS_Sprite_38.uasset" 982
"C:/Users/howli/Documents/Unreal Projects/SpriteTest 5.6/Content/Spritesheets/GroundSlide_SS/Ground_Slide_SS_Sprite_38.uexp" 983
"C:/Users/howli/Documents/Unreal Projects/SpriteTest 5.6/Content/Spritesheets/GroundSlide_SS/Ground_Slide_SS_Sprite_39.uasset" 984
"C:/Users/howli/Documents/Unreal Projects/SpriteTest 5.6/Content/Spritesheets/GroundSlide_SS/Ground_Slide_SS_Sprite_39.uexp" 985
"C:/Users/howli/Documents/Unreal Projects/SpriteTest 5.6/Content/Spritesheets/GroundSlide_SS/Ground_Slide_SS_Sprite_40.uasset" 986
"C:/Users/howli/Documents/Unreal Projects/SpriteTest 5.6/Content/Spritesheets/GroundSlide_SS/Ground_Slide_SS_Sprite_40.uexp" 987
"C:/Users/howli/Documents/Unreal Projects/SpriteTest 5.6/Content/Spritesheets/GroundSlide_SS/Ground_Slide_SS_Sprite_41.uasset" 988
"C:/Users/howli/Documents/Unreal Projects/SpriteTest 5.6/Content/Spritesheets/GroundSlide_SS/Ground_Slide_SS_Sprite_41.uexp" 989
"C:/Users/howli/Documents/Unreal Projects/SpriteTest 5.6/Content/Spritesheets/GroundSlide_SS/Ground_Slide_SS_Sprite_42.uasset" 990
"C:/Users/howli/Documents/Unreal Projects/SpriteTest 5.6/Content/Spritesheets/GroundSlide_SS/Ground_Slide_SS_Sprite_42.uexp" 991
"C:/Users/howli/Documents/Unreal Projects/SpriteTest 5.6/Content/Spritesheets/GroundSlide_SS/Ground_Slide_SS_Sprite_43.uasset" 992
"C:/Users/howli/Documents/Unreal Projects/SpriteTest 5.6/Content/Spritesheets/GroundSlide_SS/Ground_Slide_SS_Sprite_43.uexp" 993
"C:/Users/howli/Documents/Unreal Projects/SpriteTest 5.6/Content/Spritesheets/GroundSlide_SS/Ground_Slide_SS_Sprite_44.uasset" 994
"C:/Users/howli/Documents/Unreal Projects/SpriteTest 5.6/Content/Spritesheets/GroundSlide_SS/Ground_Slide_SS_Sprite_44.uexp" 995
"C:/Users/howli/Documents/Unreal Projects/SpriteTest 5.6/Content/Spritesheets/GroundSlide_SS/Ground_Slide_SS_Sprite_45.uasset" 996
"C:/Users/howli/Documents/Unreal Projects/SpriteTest 5.6/Content/Spritesheets/GroundSlide_SS/Ground_Slide_SS_Sprite_45.uexp" 997
"C:/Users/howli/Documents/Unreal Projects/SpriteTest 5.6/Content/Spritesheets/GroundSlide_SS/Ground_Slide_SS_Sprite_46.uasset" 998
"C:/Users/howli/Documents/Unreal Projects/SpriteTest 5.6/Content/Spritesheets/GroundSlide_SS/Ground_Slide_SS_Sprite_46.uexp" 999
"C:/Users/howli/Documents/Unreal Projects/SpriteTest 5.6/Content/Spritesheets/GroundSlide_SS/Ground_Slide_SS_Sprite_47.uasset" 1000
"C:/Users/howli/Documents/Unreal Projects/SpriteTest 5.6/Content/Spritesheets/GroundSlide_SS/Ground_Slide_SS_Sprite_47.uexp" 1001
"C:/Users/howli/Documents/Unreal Projects/SpriteTest 5.6/Content/Spritesheets/GroundSlide_SS/Ground_Slide_SS_Sprite_48.uasset" 1002
"C:/Users/howli/Documents/Unreal Projects/SpriteTest 5.6/Content/Spritesheets/GroundSlide_SS/Ground_Slide_SS_Sprite_48.uexp" 1003
"C:/Users/howli/Documents/Unreal Projects/SpriteTest 5.6/Content/Spritesheets/GroundSlide_SS/Ground_Slide_SS_Sprite_49.uasset" 1004
"C:/Users/howli/Documents/Unreal Projects/SpriteTest 5.6/Content/Spritesheets/GroundSlide_SS/Ground_Slide_SS_Sprite_49.uexp" 1005
"C:/Users/howli/Documents/Unreal Projects/SpriteTest 5.6/Content/Spritesheets/GroundSlide_SS/Ground_Slide_SS_Sprite_50.uasset" 1006
"C:/Users/howli/Documents/Unreal Projects/SpriteTest 5.6/Content/Spritesheets/GroundSlide_SS/Ground_Slide_SS_Sprite_50.uexp" 1007
"C:/Users/howli/Documents/Unreal Projects/SpriteTest 5.6/Content/Spritesheets/GroundSlide_SS/Ground_Slide_SS_Sprite_51.uasset" 1008
"C:/Users/howli/Documents/Unreal Projects/SpriteTest 5.6/Content/Spritesheets/GroundSlide_SS/Ground_Slide_SS_Sprite_51.uexp" 1009
"C:/Users/howli/Documents/Unreal Projects/SpriteTest 5.6/Content/Spritesheets/GroundSlide_SS/Ground_Slide_SS_Sprite_52.uasset" 1010
"C:/Users/howli/Documents/Unreal Projects/SpriteTest 5.6/Content/Spritesheets/GroundSlide_SS/Ground_Slide_SS_Sprite_52.uexp" 1011
"C:/Users/howli/Documents/Unreal Projects/SpriteTest 5.6/Content/Spritesheets/GroundSlide_SS/Ground_Slide_SS_Sprite_53.uasset" 1012
"C:/Users/howli/Documents/Unreal Projects/SpriteTest 5.6/Content/Spritesheets/GroundSlide_SS/Ground_Slide_SS_Sprite_53.uexp" 1013
"C:/Users/howli/Documents/Unreal Projects/SpriteTest 5.6/Content/Spritesheets/GroundSlide_SS/Ground_Slide_SS_Sprite_54.uasset" 1014
"C:/Users/howli/Documents/Unreal Projects/SpriteTest 5.6/Content/Spritesheets/GroundSlide_SS/Ground_Slide_SS_Sprite_54.uexp" 1015
"C:/Users/howli/Documents/Unreal Projects/SpriteTest 5.6/Content/Spritesheets/GroundSlide_SS/Ground_Slide_SS_Sprite_55.uasset" 1016
"C:/Users/howli/Documents/Unreal Projects/SpriteTest 5.6/Content/Spritesheets/GroundSlide_SS/Ground_Slide_SS_Sprite_55.uexp" 1017
"C:/Users/howli/Documents/Unreal Projects/SpriteTest 5.6/Content/Spritesheets/GroundSlide_SS/Ground_Slide_SS_Sprite_56.uasset" 1018
"C:/Users/howli/Documents/Unreal Projects/SpriteTest 5.6/Content/Spritesheets/GroundSlide_SS/Ground_Slide_SS_Sprite_56.uexp" 1019
"C:/Users/howli/Documents/Unreal Projects/SpriteTest 5.6/Content/Spritesheets/GroundSlide_SS/Ground_Slide_SS_Sprite_57.uasset" 1020
"C:/Users/howli/Documents/Unreal Projects/SpriteTest 5.6/Content/Spritesheets/GroundSlide_SS/Ground_Slide_SS_Sprite_57.uexp" 1021
"C:/Users/howli/Documents/Unreal Projects/SpriteTest 5.6/Content/Spritesheets/GroundSlide_SS/Ground_Slide_SS_Sprite_58.uasset" 1022
"C:/Users/howli/Documents/Unreal Projects/SpriteTest 5.6/Content/Spritesheets/GroundSlide_SS/Ground_Slide_SS_Sprite_58.uexp" 1023
"C:/Users/howli/Documents/Unreal Projects/SpriteTest 5.6/Content/Spritesheets/GroundSlide_SS/Ground_Slide_SS_Sprite_59.uasset" 1024
"C:/Users/howli/Documents/Unreal Projects/SpriteTest 5.6/Content/Spritesheets/GroundSlide_SS/Ground_Slide_SS_Sprite_59.uexp" 1025
"C:/Users/howli/Documents/Unreal Projects/SpriteTest 5.6/Content/Spritesheets/GroundSlide_SS/Ground_Slide_SS_Sprite_60.uasset" 1026
"C:/Users/howli/Documents/Unreal Projects/SpriteTest 5.6/Content/Spritesheets/GroundSlide_SS/Ground_Slide_SS_Sprite_60.uexp" 1027
"C:/Users/howli/Documents/Unreal Projects/SpriteTest 5.6/Content/Spritesheets/GroundSlide_SS/Ground_Slide_SS_Sprite_61.uasset" 1028
"C:/Users/howli/Documents/Unreal Projects/SpriteTest 5.6/Content/Spritesheets/GroundSlide_SS/Ground_Slide_SS_Sprite_61.uexp" 1029
"C:/Users/howli/Documents/Unreal Projects/SpriteTest 5.6/Content/Spritesheets/GroundSlide_SS/Ground_Slide_SS_Sprite_62.uasset" 1030
"C:/Users/howli/Documents/Unreal Projects/SpriteTest 5.6/Content/Spritesheets/GroundSlide_SS/Ground_Slide_SS_Sprite_62.uexp" 1031
"C:/Users/howli/Documents/Unreal Projects/SpriteTest 5.6/Content/Spritesheets/GroundSlide_SS/Ground_Slide_SS_Sprite_63.uasset" 1032
"C:/Users/howli/Documents/Unreal Projects/SpriteTest 5.6/Content/Spritesheets/GroundSlide_SS/Ground_Slide_SS_Sprite_63.uexp" 1033
"C:/Users/howli/Documents/Unreal Projects/SpriteTest 5.6/Content/Spritesheets/GroundSlide_SS/Ground_Slide_SS_Sprite_64.uasset" 1034
"C:/Users/howli/Documents/Unreal Projects/SpriteTest 5.6/Content/Spritesheets/GroundSlide_SS/Ground_Slide_SS_Sprite_64.uexp" 1035
"C:/Users/howli/Documents/Unreal Projects/SpriteTest 5.6/Content/Spritesheets/GroundSlide_SS/Ground_Slide_SS_Sprite_65.uasset" 1036
"C:/Users/howli/Documents/Unreal Projects/SpriteTest 5.6/Content/Spritesheets/GroundSlide_SS/Ground_Slide_SS_Sprite_65.uexp" 1037
"C:/Users/howli/Documents/Unreal Projects/SpriteTest 5.6/Content/Spritesheets/GroundSlide_SS/Ground_Slide_SS_Sprite_66.uasset" 1038
"C:/Users/howli/Documents/Unreal Projects/SpriteTest 5.6/Content/Spritesheets/GroundSlide_SS/Ground_Slide_SS_Sprite_66.uexp" 1039
"C:/Users/howli/Documents/Unreal Projects/SpriteTest 5.6/Content/Spritesheets/GroundSlide_SS/Ground_Slide_SS_Sprite_67.uasset" 1040
"C:/Users/howli/Documents/Unreal Projects/SpriteTest 5.6/Content/Spritesheets/GroundSlide_SS/Ground_Slide_SS_Sprite_67.uexp" 1041
"C:/Users/howli/Documents/Unreal Projects/SpriteTest 5.6/Content/Spritesheets/GroundSlide_SS/Ground_Slide_SS_Sprite_68.uasset" 1042
"C:/Users/howli/Documents/Unreal Projects/SpriteTest 5.6/Content/Spritesheets/GroundSlide_SS/Ground_Slide_SS_Sprite_68.uexp" 1043
"C:/Users/howli/Documents/Unreal Projects/SpriteTest 5.6/Content/Spritesheets/GroundSlide_SS/Ground_Slide_SS_Sprite_69.uasset" 1044
"C:/Users/howli/Documents/Unreal Projects/SpriteTest 5.6/Content/Spritesheets/GroundSlide_SS/Ground_Slide_SS_Sprite_69.uexp" 1045
"C:/Users/howli/Documents/Unreal Projects/SpriteTest 5.6/Content/Spritesheets/GroundSlide_SS/Ground_Slide_SS_Sprite_70.uasset" 1046
"C:/Users/howli/Documents/Unreal Projects/SpriteTest 5.6/Content/Spritesheets/GroundSlide_SS/Ground_Slide_SS_Sprite_70.uexp" 1047
"C:/Users/howli/Documents/Unreal Projects/SpriteTest 5.6/Content/Spritesheets/GroundSlide_SS/Ground_Slide_SS_Sprite_71.uasset" 1048
"C:/Users/howli/Documents/Unreal Projects/SpriteTest 5.6/Content/Spritesheets/GroundSlide_SS/Ground_Slide_SS_Sprite_71.uexp" 1049
"C:/Users/howli/Documents/Unreal Projects/SpriteTest 5.6/Content/Spritesheets/GroundSlide_SS/Ground_Slide_SS_Sprite_72.uasset" 1050
"C:/Users/howli/Documents/Unreal Projects/SpriteTest 5.6/Content/Spritesheets/GroundSlide_SS/Ground_Slide_SS_Sprite_72.uexp" 1051
"C:/Users/howli/Documents/Unreal Projects/SpriteTest 5.6/Content/Spritesheets/GroundSlide_SS/Ground_Slide_SS_Sprite_73.uasset" 1052
"C:/Users/howli/Documents/Unreal Projects/SpriteTest 5.6/Content/Spritesheets/GroundSlide_SS/Ground_Slide_SS_Sprite_73.uexp" 1053
"C:/Users/howli/Documents/Unreal Projects/SpriteTest 5.6/Content/Spritesheets/GroundSlide_SS/Ground_Slide_SS_Sprite_74.uasset" 1054
"C:/Users/howli/Documents/Unreal Projects/SpriteTest 5.6/Content/Spritesheets/GroundSlide_SS/Ground_Slide_SS_Sprite_74.uexp" 1055
"C:/Users/howli/Documents/Unreal Projects/SpriteTest 5.6/Content/Spritesheets/GroundSlide_SS/Ground_Slide_SS_Sprite_75.uasset" 1056
"C:/Users/howli/Documents/Unreal Projects/SpriteTest 5.6/Content/Spritesheets/GroundSlide_SS/Ground_Slide_SS_Sprite_75.uexp" 1057
"C:/Users/howli/Documents/Unreal Projects/SpriteTest 5.6/Content/Spritesheets/GroundSlide_SS/Ground_Slide_SS_Sprite_76.uasset" 1058
"C:/Users/howli/Documents/Unreal Projects/SpriteTest 5.6/Content/Spritesheets/GroundSlide_SS/Ground_Slide_SS_Sprite_76.uexp" 1059
"C:/Users/howli/Documents/Unreal Projects/SpriteTest 5.6/Content/Spritesheets/GroundSlide_SS/Ground_Slide_SS_Sprite_77.uasset" 1060
"C:/Users/howli/Documents/Unreal Projects/SpriteTest 5.6/Content/Spritesheets/GroundSlide_SS/Ground_Slide_SS_Sprite_77.uexp" 1061
"C:/Users/howli/Documents/Unreal Projects/SpriteTest 5.6/Content/Spritesheets/GroundSlide_SS/Ground_Slide_SS_Sprite_78.uasset" 1062
"C:/Users/howli/Documents/Unreal Projects/SpriteTest 5.6/Content/Spritesheets/GroundSlide_SS/Ground_Slide_SS_Sprite_78.uexp" 1063
"C:/Users/howli/Documents/Unreal Projects/SpriteTest 5.6/Content/Spritesheets/GroundSlide_SS/Ground_Slide_SS_Sprite_79.uasset" 1064
"C:/Users/howli/Documents/Unreal Projects/SpriteTest 5.6/Content/Spritesheets/GroundSlide_SS/Ground_Slide_SS_Sprite_79.uexp" 1065
"C:/Users/howli/Documents/Unreal Projects/SpriteTest 5.6/Content/Spritesheets/GroundSlide_SS/Ground_Slide_SS_Sprite_80.uasset" 1066
"C:/Users/howli/Documents/Unreal Projects/SpriteTest 5.6/Content/Spritesheets/GroundSlide_SS/Ground_Slide_SS_Sprite_80.uexp" 1067
"C:/Users/howli/Documents/Unreal Projects/SpriteTest 5.6/Content/Spritesheets/GroundSlide_SS/Ground_Slide_SS_Sprite_81.uasset" 1068
"C:/Users/howli/Documents/Unreal Projects/SpriteTest 5.6/Content/Spritesheets/GroundSlide_SS/Ground_Slide_SS_Sprite_81.uexp" 1069
"C:/Users/howli/Documents/Unreal Projects/SpriteTest 5.6/Content/Spritesheets/GroundSlide_SS/Ground_Slide_SS_Sprite_82.uasset" 1070
"C:/Users/howli/Documents/Unreal Projects/SpriteTest 5.6/Content/Spritesheets/GroundSlide_SS/Ground_Slide_SS_Sprite_82.uexp" 1071
"C:/Users/howli/Documents/Unreal Projects/SpriteTest 5.6/Content/Spritesheets/GroundSlide_SS/Ground_Slide_SS_Sprite_83.uasset" 1072
"C:/Users/howli/Documents/Unreal Projects/SpriteTest 5.6/Content/Spritesheets/GroundSlide_SS/Ground_Slide_SS_Sprite_83.uexp" 1073
"C:/Users/howli/Documents/Unreal Projects/SpriteTest 5.6/Content/Spritesheets/GroundSlide_SS/Ground_Slide_SS_Sprite_84.uasset" 1074
"C:/Users/howli/Documents/Unreal Projects/SpriteTest 5.6/Content/Spritesheets/GroundSlide_SS/Ground_Slide_SS_Sprite_84.uexp" 1075
"C:/Users/howli/Documents/Unreal Projects/SpriteTest 5.6/Content/Spritesheets/GroundSlide_SS/Ground_Slide_SS_Sprite_85.uasset" 1076
"C:/Users/howli/Documents/Unreal Projects/SpriteTest 5.6/Content/Spritesheets/GroundSlide_SS/Ground_Slide_SS_Sprite_85.uexp" 1077
"C:/Users/howli/Documents/Unreal Projects/SpriteTest 5.6/Content/Spritesheets/GroundSlide_SS/Ground_Slide_SS_Sprite_86.uasset" 1078
"C:/Users/howli/Documents/Unreal Projects/SpriteTest 5.6/Content/Spritesheets/GroundSlide_SS/Ground_Slide_SS_Sprite_86.uexp" 1079
"C:/Users/howli/Documents/Unreal Projects/SpriteTest 5.6/Content/Spritesheets/GroundSlide_SS/Ground_Slide_SS_Sprite_87.uasset" 1080
"C:/Users/howli/Documents/Unreal Projects/SpriteTest 5.6/Content/Spritesheets/GroundSlide_SS/Ground_Slide_SS_Sprite_87.uexp" 1081
"C:/Users/howli/Documents/Unreal Projects/SpriteTest 5.6/Content/Spritesheets/GroundSlide_SS/Ground_Slide_SS_Sprite_88.uasset" 1082
"C:/Users/howli/Documents/Unreal Projects/SpriteTest 5.6/Content/Spritesheets/GroundSlide_SS/Ground_Slide_SS_Sprite_88.uexp" 1083
"C:/Users/howli/Documents/Unreal Projects/SpriteTest 5.6/Content/Spritesheets/GroundSlide_SS/Ground_Slide_SS_Sprite_89.uasset" 1084
"C:/Users/howli/Documents/Unreal Projects/SpriteTest 5.6/Content/Spritesheets/GroundSlide_SS/Ground_Slide_SS_Sprite_89.uexp" 1085
"C:/Users/howli/Documents/Unreal Projects/SpriteTest 5.6/Content/Spritesheets/GroundSlide_SS/Ground_Slide_SS_Sprite_90.uasset" 1086
"C:/Users/howli/Documents/Unreal Projects/SpriteTest 5.6/Content/Spritesheets/GroundSlide_SS/Ground_Slide_SS_Sprite_90.uexp" 1087
"C:/Users/howli/Documents/Unreal Projects/SpriteTest 5.6/Content/Spritesheets/GroundSlide_SS/Ground_Slide_SS_Sprite_91.uasset" 1088
"C:/Users/howli/Documents/Unreal Projects/SpriteTest 5.6/Content/Spritesheets/GroundSlide_SS/Ground_Slide_SS_Sprite_91.uexp" 1089
"C:/Users/howli/Documents/Unreal Projects/SpriteTest 5.6/Content/Spritesheets/GroundSlide_SS/Ground_Slide_SS_Sprite_92.uasset" 1090
"C:/Users/howli/Documents/Unreal Projects/SpriteTest 5.6/Content/Spritesheets/GroundSlide_SS/Ground_Slide_SS_Sprite_92.uexp" 1091
"C:/Users/howli/Documents/Unreal Projects/SpriteTest 5.6/Content/Spritesheets/GroundSlide_SS/Ground_Slide_SS_Sprite_93.uasset" 1092
"C:/Users/howli/Documents/Unreal Projects/SpriteTest 5.6/Content/Spritesheets/GroundSlide_SS/Ground_Slide_SS_Sprite_93.uexp" 1093
"C:/Users/howli/Documents/Unreal Projects/SpriteTest 5.6/Content/Spritesheets/GroundSlide_SS/Ground_Slide_SS_Sprite_94.uasset" 1094
"C:/Users/howli/Documents/Unreal Projects/SpriteTest 5.6/Content/Spritesheets/GroundSlide_SS/Ground_Slide_SS_Sprite_94.uexp" 1095
"C:/Users/howli/Documents/Unreal Projects/SpriteTest 5.6/Content/Spritesheets/GroundSlide_SS/Ground_Slide_SS_Sprite_95.uasset" 1096
"C:/Users/howli/Documents/Unreal Projects/SpriteTest 5.6/Content/Spritesheets/GroundSlide_SS/Ground_Slide_SS_Sprite_95.uexp" 1097
"C:/Users/howli/Documents/Unreal Projects/SpriteTest 5.6/Content/Spritesheets/GroundSlide_SS/Ground_Slide_SS_Sprite_96.uasset" 1098
"C:/Users/howli/Documents/Unreal Projects/SpriteTest 5.6/Content/Spritesheets/GroundSlide_SS/Ground_Slide_SS_Sprite_96.uexp" 1099
"C:/Users/howli/Documents/Unreal Projects/SpriteTest 5.6/Content/Spritesheets/GroundSlide_SS/Ground_Slide_SS_Sprite_97.uasset" 1100
"C:/Users/howli/Documents/Unreal Projects/SpriteTest 5.6/Content/Spritesheets/GroundSlide_SS/Ground_Slide_SS_Sprite_97.uexp" 1101
"C:/Users/howli/Documents/Unreal Projects/SpriteTest 5.6/Content/Spritesheets/GroundSlide_SS/Ground_Slide_SS_Sprite_98.uasset" 1102
"C:/Users/howli/Documents/Unreal Projects/SpriteTest 5.6/Content/Spritesheets/GroundSlide_SS/Ground_Slide_SS_Sprite_98.uexp" 1103
"C:/Users/howli/Documents/Unreal Projects/SpriteTest 5.6/Content/Spritesheets/GroundSlide_SS/Ground_Slide_SS_Sprite_99.uasset" 1104
"C:/Users/howli/Documents/Unreal Projects/SpriteTest 5.6/Content/Spritesheets/GroundSlide_SS/Ground_Slide_SS_Sprite_99.uexp" 1105
"C:/Users/howli/Documents/Unreal Projects/SpriteTest 5.6/Content/Spritesheets/GroundSlide_SS/Ground_Slide_SS_Sprite_100.uasset" 1106
"C:/Users/howli/Documents/Unreal Projects/SpriteTest 5.6/Content/Spritesheets/GroundSlide_SS/Ground_Slide_SS_Sprite_100.uexp" 1107
"C:/Users/howli/Documents/Unreal Projects/SpriteTest 5.6/Content/Spritesheets/GroundSlide_SS/Ground_Slide_SS_Sprite_101.uasset" 1108
"C:/Users/howli/Documents/Unreal Projects/SpriteTest 5.6/Content/Spritesheets/GroundSlide_SS/Ground_Slide_SS_Sprite_101.uexp" 1109
"C:/Users/howli/Documents/Unreal Projects/SpriteTest 5.6/Content/Spritesheets/GroundSlide_SS/Ground_Slide_SS_Sprite_102.uasset" 1110
"C:/Users/howli/Documents/Unreal Projects/SpriteTest 5.6/Content/Spritesheets/GroundSlide_SS/Ground_Slide_SS_Sprite_102.uexp" 1111
"C:/Users/howli/Documents/Unreal Projects/SpriteTest 5.6/Content/Spritesheets/GroundSlide_SS/Ground_Slide_SS_Sprite_103.uasset" 1112
"C:/Users/howli/Documents/Unreal Projects/SpriteTest 5.6/Content/Spritesheets/GroundSlide_SS/Ground_Slide_SS_Sprite_103.uexp" 1113
"C:/Users/howli/Documents/Unreal Projects/SpriteTest 5.6/Content/Spritesheets/GroundSlide_SS/Ground_Slide_SS_Sprite_104.uasset" 1114
"C:/Users/howli/Documents/Unreal Projects/SpriteTest 5.6/Content/Spritesheets/GroundSlide_SS/Ground_Slide_SS_Sprite_104.uexp" 1115
"C:/Users/howli/Documents/Unreal Projects/SpriteTest 5.6/Content/Spritesheets/GroundSlide_SS/Ground_Slide_SS_Sprite_105.uasset" 1116
"C:/Users/howli/Documents/Unreal Projects/SpriteTest 5.6/Content/Spritesheets/GroundSlide_SS/Ground_Slide_SS_Sprite_105.uexp" 1117
"C:/Users/howli/Documents/Unreal Projects/SpriteTest 5.6/Content/Spritesheets/GroundSlide_SS/Ground_Slide_SS_Sprite_106.uasset" 1118
"C:/Users/howli/Documents/Unreal Projects/SpriteTest 5.6/Content/Spritesheets/GroundSlide_SS/Ground_Slide_SS_Sprite_106.uexp" 1119
"C:/Users/howli/Documents/Unreal Projects/SpriteTest 5.6/Content/Spritesheets/GroundSlide_SS/Ground_Slide_SS_Sprite_107.uasset" 1120
"C:/Users/howli/Documents/Unreal Projects/SpriteTest 5.6/Content/Spritesheets/GroundSlide_SS/Ground_Slide_SS_Sprite_107.uexp" 1121
"C:/Users/howli/Documents/Unreal Projects/SpriteTest 5.6/Content/Spritesheets/GroundSlide_SS/Ground_Slide_SS_Sprite_108.uasset" 1122
"C:/Users/howli/Documents/Unreal Projects/SpriteTest 5.6/Content/Spritesheets/GroundSlide_SS/Ground_Slide_SS_Sprite_108.uexp" 1123
"C:/Users/howli/Documents/Unreal Projects/SpriteTest 5.6/Content/Spritesheets/GroundSlide_SS/Ground_Slide_SS_Sprite_109.uasset" 1124
"C:/Users/howli/Documents/Unreal Projects/SpriteTest 5.6/Content/Spritesheets/GroundSlide_SS/Ground_Slide_SS_Sprite_109.uexp" 1125
"C:/Users/howli/Documents/Unreal Projects/SpriteTest 5.6/Content/Spritesheets/GroundSlide_SS/Ground_Slide_SS_Sprite_110.uasset" 1126
"C:/Users/howli/Documents/Unreal Projects/SpriteTest 5.6/Content/Spritesheets/GroundSlide_SS/Ground_Slide_SS_Sprite_110.uexp" 1127
"C:/Users/howli/Documents/Unreal Projects/SpriteTest 5.6/Content/Spritesheets/GroundSlide_SS/Ground_Slide_SS_Sprite_111.uasset" 1128
"C:/Users/howli/Documents/Unreal Projects/SpriteTest 5.6/Content/Spritesheets/GroundSlide_SS/Ground_Slide_SS_Sprite_111.uexp" 1129
"C:/Users/howli/Documents/Unreal Projects/SpriteTest 5.6/Content/Spritesheets/GroundSlide_SS/Ground_Slide_SS_Sprite_112.uasset" 1130
"C:/Users/howli/Documents/Unreal Projects/SpriteTest 5.6/Content/Spritesheets/GroundSlide_SS/Ground_Slide_SS_Sprite_112.uexp" 1131
"C:/Users/howli/Documents/Unreal Projects/SpriteTest 5.6/Content/Spritesheets/GroundSlide_SS/Ground_Slide_SS_Sprite_113.uasset" 1132
"C:/Users/howli/Documents/Unreal Projects/SpriteTest 5.6/Content/Spritesheets/GroundSlide_SS/Ground_Slide_SS_Sprite_113.uexp" 1133
"C:/Users/howli/Documents/Unreal Projects/SpriteTest 5.6/Content/Spritesheets/GroundSlide_SS/Ground_Slide_SS_Sprite_114.uasset" 1134
"C:/Users/howli/Documents/Unreal Projects/SpriteTest 5.6/Content/Spritesheets/GroundSlide_SS/Ground_Slide_SS_Sprite_114.uexp" 1135
"C:/Users/howli/Documents/Unreal Projects/SpriteTest 5.6/Content/Spritesheets/GroundSlide_SS/Ground_Slide_SS_Sprite_115.uasset" 1136
"C:/Users/howli/Documents/Unreal Projects/SpriteTest 5.6/Content/Spritesheets/GroundSlide_SS/Ground_Slide_SS_Sprite_115.uexp" 1137
"C:/Users/howli/Documents/Unreal Projects/SpriteTest 5.6/Content/Spritesheets/GroundSlide_SS/Ground_Slide_SS_Sprite_116.uasset" 1138
"C:/Users/howli/Documents/Unreal Projects/SpriteTest 5.6/Content/Spritesheets/GroundSlide_SS/Ground_Slide_SS_Sprite_116.uexp" 1139
"C:/Users/howli/Documents/Unreal Projects/SpriteTest 5.6/Content/Spritesheets/GroundSlide_SS/Ground_Slide_SS_Sprite_117.uasset" 1140
"C:/Users/howli/Documents/Unreal Projects/SpriteTest 5.6/Content/Spritesheets/GroundSlide_SS/Ground_Slide_SS_Sprite_117.uexp" 1141
"C:/Users/howli/Documents/Unreal Projects/SpriteTest 5.6/Content/Spritesheets/GroundSlide_SS/Ground_Slide_SS_Sprite_118.uasset" 1142
"C:/Users/howli/Documents/Unreal Projects/SpriteTest 5.6/Content/Spritesheets/GroundSlide_SS/Ground_Slide_SS_Sprite_118.uexp" 1143
"C:/Users/howli/Documents/Unreal Projects/SpriteTest 5.6/Content/Spritesheets/GroundSlide_SS/Ground_Slide_SS_Sprite_119.uasset" 1144
"C:/Users/howli/Documents/Unreal Projects/SpriteTest 5.6/Content/Spritesheets/GroundSlide_SS/Ground_Slide_SS_Sprite_119.uexp" 1145
"C:/Users/howli/Documents/Unreal Projects/SpriteTest 5.6/Content/Spritesheets/GroundSlide_SS/Ground_Slide_SS_Sprite_120.uasset" 1146
"C:/Users/howli/Documents/Unreal Projects/SpriteTest 5.6/Content/Spritesheets/GroundSlide_SS/Ground_Slide_SS_Sprite_120.uexp" 1147
"C:/Users/howli/Documents/Unreal Projects/SpriteTest 5.6/Content/Flipbooks/GroundSlide_Anim.uasset" 1148
"C:/Users/howli/Documents/Unreal Projects/SpriteTest 5.6/Content/Flipbooks/GroundSlide_Anim.uexp" 1149
"C:/Users/howli/Documents/Unreal Projects/SpriteTest 5.6/Content/Spritesheets/GroundSlideRECOVERY_SS/Ground_Slide_Reccovery_ss.uasset" 1150
"C:/Users/howli/Documents/Unreal Projects/SpriteTest 5.6/Content/Spritesheets/GroundSlideRECOVERY_SS/Ground_Slide_Reccovery_ss.uexp" 1151
"C:/Users/howli/Documents/Unreal Projects/SpriteTest 5.6/Content/Spritesheets/GroundSlideRECOVERY_SS/Ground_Slide_Reccovery_ss_Sprite_0.uasset" 1152
"C:/Users/howli/Documents/Unreal Projects/SpriteTest 5.6/Content/Spritesheets/GroundSlideRECOVERY_SS/Ground_Slide_Reccovery_ss_Sprite_0.uexp" 1153
"C:/Users/howli/Documents/Unreal Projects/SpriteTest 5.6/Content/Spritesheets/GroundSlideRECOVERY_SS/Ground_Slide_Reccovery_ss_Sprite_1.uasset" 1154
"C:/Users/howli/Documents/Unreal Projects/SpriteTest 5.6/Content/Spritesheets/GroundSlideRECOVERY_SS/Ground_Slide_Reccovery_ss_Sprite_1.uexp" 1155
"C:/Users/howli/Documents/Unreal Projects/SpriteTest 5.6/Content/Spritesheets/GroundSlideRECOVERY_SS/Ground_Slide_Reccovery_ss_Sprite_2.uasset" 1156
"C:/Users/howli/Documents/Unreal Projects/SpriteTest 5.6/Content/Spritesheets/GroundSlideRECOVERY_SS/Ground_Slide_Reccovery_ss_Sprite_2.uexp" 1157
"C:/Users/howli/Documents/Unreal Projects/SpriteTest 5.6/Content/Spritesheets/GroundSlideRECOVERY_SS/Ground_Slide_Reccovery_ss_Sprite_3.uasset" 1158
"C:/Users/howli/Documents/Unreal Projects/SpriteTest 5.6/Content/Spritesheets/GroundSlideRECOVERY_SS/Ground_Slide_Reccovery_ss_Sprite_3.uexp" 1159
"C:/Users/howli/Documents/Unreal Projects/SpriteTest 5.6/Content/Spritesheets/GroundSlideRECOVERY_SS/Ground_Slide_Reccovery_ss_Sprite_4.uasset" 1160
"C:/Users/howli/Documents/Unreal Projects/SpriteTest 5.6/Content/Spritesheets/GroundSlideRECOVERY_SS/Ground_Slide_Reccovery_ss_Sprite_4.uexp" 1161
"C:/Users/howli/Documents/Unreal Projects/SpriteTest 5.6/Content/Spritesheets/GroundSlideRECOVERY_SS/Ground_Slide_Reccovery_ss_Sprite_5.uasset" 1162
"C:/Users/howli/Documents/Unreal Projects/SpriteTest 5.6/Content/Spritesheets/GroundSlideRECOVERY_SS/Ground_Slide_Reccovery_ss_Sprite_5.uexp" 1163
"C:/Users/howli/Documents/Unreal Projects/SpriteTest 5.6/Content/Spritesheets/GroundSlideRECOVERY_SS/Ground_Slide_Reccovery_ss_Sprite_6.uasset" 1164
"C:/Users/howli/Documents/Unreal Projects/SpriteTest 5.6/Content/Spritesheets/GroundSlideRECOVERY_SS/Ground_Slide_Reccovery_ss_Sprite_6.uexp" 1165
"C:/Users/howli/Documents/Unreal Projects/SpriteTest 5.6/Content/Spritesheets/GroundSlideRECOVERY_SS/Ground_Slide_Reccovery_ss_Sprite_7.uasset" 1166
"C:/Users/howli/Documents/Unreal Projects/SpriteTest 5.6/Content/Spritesheets/GroundSlideRECOVERY_SS/Ground_Slide_Reccovery_ss_Sprite_7.uexp" 1167
"C:/Users/howli/Documents/Unreal Projects/SpriteTest 5.6/Content/Spritesheets/GroundSlideRECOVERY_SS/Ground_Slide_Reccovery_ss_Sprite_8.uasset" 1168
"C:/Users/howli/Documents/Unreal Projects/SpriteTest 5.6/Content/Spritesheets/GroundSlideRECOVERY_SS/Ground_Slide_Reccovery_ss_Sprite_8.uexp" 1169
"C:/Users/howli/Documents/Unreal Projects/SpriteTest 5.6/Content/Spritesheets/GroundSlideRECOVERY_SS/Ground_Slide_Reccovery_ss_Sprite_9.uasset" 1170
"C:/Users/howli/Documents/Unreal Projects/SpriteTest 5.6/Content/Spritesheets/GroundSlideRECOVERY_SS/Ground_Slide_Reccovery_ss_Sprite_9.uexp" 1171
"C:/Users/howli/Documents/Unreal Projects/SpriteTest 5.6/Content/Spritesheets/GroundSlideRECOVERY_SS/Ground_Slide_Reccovery_ss_Sprite_10.uasset" 1172
"C:/Users/howli/Documents/Unreal Projects/SpriteTest 5.6/Content/Spritesheets/GroundSlideRECOVERY_SS/Ground_Slide_Reccovery_ss_Sprite_10.uexp" 1173
"C:/Users/howli/Documents/Unreal Projects/SpriteTest 5.6/Content/Spritesheets/GroundSlideRECOVERY_SS/Ground_Slide_Reccovery_ss_Sprite_11.uasset" 1174
"C:/Users/howli/Documents/Unreal Projects/SpriteTest 5.6/Content/Spritesheets/GroundSlideRECOVERY_SS/Ground_Slide_Reccovery_ss_Sprite_11.uexp" 1175
"C:/Users/howli/Documents/Unreal Projects/SpriteTest 5.6/Content/Spritesheets/GroundSlideRECOVERY_SS/Ground_Slide_Reccovery_ss_Sprite_12.uasset" 1176
"C:/Users/howli/Documents/Unreal Projects/SpriteTest 5.6/Content/Spritesheets/GroundSlideRECOVERY_SS/Ground_Slide_Reccovery_ss_Sprite_12.uexp" 1177
"C:/Users/howli/Documents/Unreal Projects/SpriteTest 5.6/Content/Spritesheets/GroundSlideRECOVERY_SS/Ground_Slide_Reccovery_ss_Sprite_13.uasset" 1178
"C:/Users/howli/Documents/Unreal Projects/SpriteTest 5.6/Content/Spritesheets/GroundSlideRECOVERY_SS/Ground_Slide_Reccovery_ss_Sprite_13.uexp" 1179
"C:/Users/howli/Documents/Unreal Projects/SpriteTest 5.6/Content/Spritesheets/GroundSlideRECOVERY_SS/Ground_Slide_Reccovery_ss_Sprite_14.uasset" 1180
"C:/Users/howli/Documents/Unreal Projects/SpriteTest 5.6/Content/Spritesheets/GroundSlideRECOVERY_SS/Ground_Slide_Reccovery_ss_Sprite_14.uexp" 1181
"C:/Users/howli/Documents/Unreal Projects/SpriteTest 5.6/Content/Spritesheets/GroundSlideRECOVERY_SS/Ground_Slide_Reccovery_ss_Sprite_15.uasset" 1182
"C:/Users/howli/Documents/Unreal Projects/SpriteTest 5.6/Content/Spritesheets/GroundSlideRECOVERY_SS/Ground_Slide_Reccovery_ss_Sprite_15.uexp" 1183
"C:/Users/howli/Documents/Unreal Projects/SpriteTest 5.6/Content/Spritesheets/GroundSlideRECOVERY_SS/Ground_Slide_Reccovery_ss_Sprite_16.uasset" 1184
"C:/Users/howli/Documents/Unreal Projects/SpriteTest 5.6/Content/Spritesheets/GroundSlideRECOVERY_SS/Ground_Slide_Reccovery_ss_Sprite_16.uexp" 1185
"C:/Users/howli/Documents/Unreal Projects/SpriteTest 5.6/Content/Spritesheets/GroundSlideRECOVERY_SS/Ground_Slide_Reccovery_ss_Sprite_17.uasset" 1186
"C:/Users/howli/Documents/Unreal Projects/SpriteTest 5.6/Content/Spritesheets/GroundSlideRECOVERY_SS/Ground_Slide_Reccovery_ss_Sprite_17.uexp" 1187
"C:/Users/howli/Documents/Unreal Projects/SpriteTest 5.6/Content/Spritesheets/GroundSlideRECOVERY_SS/Ground_Slide_Reccovery_ss_Sprite_18.uasset" 1188
"C:/Users/howli/Documents/Unreal Projects/SpriteTest 5.6/Content/Spritesheets/GroundSlideRECOVERY_SS/Ground_Slide_Reccovery_ss_Sprite_18.uexp" 1189
"C:/Users/howli/Documents/Unreal Projects/SpriteTest 5.6/Content/Spritesheets/GroundSlideRECOVERY_SS/Ground_Slide_Reccovery_ss_Sprite_19.uasset" 1190
"C:/Users/howli/Documents/Unreal Projects/SpriteTest 5.6/Content/Spritesheets/GroundSlideRECOVERY_SS/Ground_Slide_Reccovery_ss_Sprite_19.uexp" 1191
"C:/Users/howli/Documents/Unreal Projects/SpriteTest 5.6/Content/Spritesheets/GroundSlideRECOVERY_SS/Ground_Slide_Reccovery_ss_Sprite_20.uasset" 1192
"C:/Users/howli/Documents/Unreal Projects/SpriteTest 5.6/Content/Spritesheets/GroundSlideRECOVERY_SS/Ground_Slide_Reccovery_ss_Sprite_20.uexp" 1193
"C:/Users/howli/Documents/Unreal Projects/SpriteTest 5.6/Content/Spritesheets/GroundSlideRECOVERY_SS/Ground_Slide_Reccovery_ss_Sprite_21.uasset" 1194
"C:/Users/howli/Documents/Unreal Projects/SpriteTest 5.6/Content/Spritesheets/GroundSlideRECOVERY_SS/Ground_Slide_Reccovery_ss_Sprite_21.uexp" 1195
"C:/Users/howli/Documents/Unreal Projects/SpriteTest 5.6/Content/Spritesheets/GroundSlideRECOVERY_SS/Ground_Slide_Reccovery_ss_Sprite_22.uasset" 1196
"C:/Users/howli/Documents/Unreal Projects/SpriteTest 5.6/Content/Spritesheets/GroundSlideRECOVERY_SS/Ground_Slide_Reccovery_ss_Sprite_22.uexp" 1197
"C:/Users/howli/Documents/Unreal Projects/SpriteTest 5.6/Content/Spritesheets/GroundSlideRECOVERY_SS/Ground_Slide_Reccovery_ss_Sprite_23.uasset" 1198
"C:/Users/howli/Documents/Unreal Projects/SpriteTest 5.6/Content/Spritesheets/GroundSlideRECOVERY_SS/Ground_Slide_Reccovery_ss_Sprite_23.uexp" 1199
"C:/Users/howli/Documents/Unreal Projects/SpriteTest 5.6/Content/Spritesheets/GroundSlideRECOVERY_SS/Ground_Slide_Reccovery_ss_Sprite_24.uasset" 1200
"C:/Users/howli/Documents/Unreal Projects/SpriteTest 5.6/Content/Spritesheets/GroundSlideRECOVERY_SS/Ground_Slide_Reccovery_ss_Sprite_24.uexp" 1201
"C:/Users/howli/Documents/Unreal Projects/SpriteTest 5.6/Content/Spritesheets/GroundSlideRECOVERY_SS/Ground_Slide_Reccovery_ss_Sprite_25.uasset" 1202
"C:/Users/howli/Documents/Unreal Projects/SpriteTest 5.6/Content/Spritesheets/GroundSlideRECOVERY_SS/Ground_Slide_Reccovery_ss_Sprite_25.uexp" 1203
"C:/Users/howli/Documents/Unreal Projects/SpriteTest 5.6/Content/Spritesheets/GroundSlideRECOVERY_SS/Ground_Slide_Reccovery_ss_Sprite_26.uasset" 1204
"C:/Users/howli/Documents/Unreal Projects/SpriteTest 5.6/Content/Spritesheets/GroundSlideRECOVERY_SS/Ground_Slide_Reccovery_ss_Sprite_26.uexp" 1205
"C:/Users/howli/Documents/Unreal Projects/SpriteTest 5.6/Content/Spritesheets/GroundSlideRECOVERY_SS/Ground_Slide_Reccovery_ss_Sprite_27.uasset" 1206
"C:/Users/howli/Documents/Unreal Projects/SpriteTest 5.6/Content/Spritesheets/GroundSlideRECOVERY_SS/Ground_Slide_Reccovery_ss_Sprite_27.uexp" 1207
"C:/Users/howli/Documents/Unreal Projects/SpriteTest 5.6/Content/Spritesheets/GroundSlideRECOVERY_SS/Ground_Slide_Reccovery_ss_Sprite_28.uasset" 1208
"C:/Users/howli/Documents/Unreal Projects/SpriteTest 5.6/Content/Spritesheets/GroundSlideRECOVERY_SS/Ground_Slide_Reccovery_ss_Sprite_28.uexp" 1209
"C:/Users/howli/Documents/Unreal Projects/SpriteTest 5.6/Content/Spritesheets/GroundSlideRECOVERY_SS/Ground_Slide_Reccovery_ss_Sprite_29.uasset" 1210
"C:/Users/howli/Documents/Unreal Projects/SpriteTest 5.6/Content/Spritesheets/GroundSlideRECOVERY_SS/Ground_Slide_Reccovery_ss_Sprite_29.uexp" 1211
"C:/Users/howli/Documents/Unreal Projects/SpriteTest 5.6/Content/Spritesheets/GroundSlideRECOVERY_SS/Ground_Slide_Reccovery_ss_Sprite_30.uasset" 1212
"C:/Users/howli/Documents/Unreal Projects/SpriteTest 5.6/Content/Spritesheets/GroundSlideRECOVERY_SS/Ground_Slide_Reccovery_ss_Sprite_30.uexp" 1213
"C:/Users/howli/Documents/Unreal Projects/SpriteTest 5.6/Content/Spritesheets/GroundSlideRECOVERY_SS/Ground_Slide_Reccovery_ss_Sprite_31.uasset" 1214
"C:/Users/howli/Documents/Unreal Projects/SpriteTest 5.6/Content/Spritesheets/GroundSlideRECOVERY_SS/Ground_Slide_Reccovery_ss_Sprite_31.uexp" 1215
"C:/Users/howli/Documents/Unreal Projects/SpriteTest 5.6/Content/Spritesheets/GroundSlideRECOVERY_SS/Ground_Slide_Reccovery_ss_Sprite_32.uasset" 1216
"C:/Users/howli/Documents/Unreal Projects/SpriteTest 5.6/Content/Spritesheets/GroundSlideRECOVERY_SS/Ground_Slide_Reccovery_ss_Sprite_32.uexp" 1217
"C:/Users/howli/Documents/Unreal Projects/SpriteTest 5.6/Content/Spritesheets/GroundSlideRECOVERY_SS/Ground_Slide_Reccovery_ss_Sprite_33.uasset" 1218
"C:/Users/howli/Documents/Unreal Projects/SpriteTest 5.6/Content/Spritesheets/GroundSlideRECOVERY_SS/Ground_Slide_Reccovery_ss_Sprite_33.uexp" 1219
"C:/Users/howli/Documents/Unreal Projects/SpriteTest 5.6/Content/Spritesheets/GroundSlideRECOVERY_SS/Ground_Slide_Reccovery_ss_Sprite_34.uasset" 1220
"C:/Users/howli/Documents/Unreal Projects/SpriteTest 5.6/Content/Spritesheets/GroundSlideRECOVERY_SS/Ground_Slide_Reccovery_ss_Sprite_34.uexp" 1221
"C:/Users/howli/Documents/Unreal Projects/SpriteTest 5.6/Content/Spritesheets/GroundSlideRECOVERY_SS/Ground_Slide_Reccovery_ss_Sprite_35.uasset" 1222
"C:/Users/howli/Documents/Unreal Projects/SpriteTest 5.6/Content/Spritesheets/GroundSlideRECOVERY_SS/Ground_Slide_Reccovery_ss_Sprite_35.uexp" 1223
"C:/Users/howli/Documents/Unreal Projects/SpriteTest 5.6/Content/Spritesheets/GroundSlideRECOVERY_SS/Ground_Slide_Reccovery_ss_Sprite_36.uasset" 1224
"C:/Users/howli/Documents/Unreal Projects/SpriteTest 5.6/Content/Spritesheets/GroundSlideRECOVERY_SS/Ground_Slide_Reccovery_ss_Sprite_36.uexp" 1225
"C:/Users/howli/Documents/Unreal Projects/SpriteTest 5.6/Content/Spritesheets/GroundSlideRECOVERY_SS/Ground_Slide_Reccovery_ss_Sprite_37.uasset" 1226
"C:/Users/howli/Documents/Unreal Projects/SpriteTest 5.6/Content/Spritesheets/GroundSlideRECOVERY_SS/Ground_Slide_Reccovery_ss_Sprite_37.uexp" 1227
"C:/Users/howli/Documents/Unreal Projects/SpriteTest 5.6/Content/Spritesheets/GroundSlideRECOVERY_SS/Ground_Slide_Reccovery_ss_Sprite_38.uasset" 1228
"C:/Users/howli/Documents/Unreal Projects/SpriteTest 5.6/Content/Spritesheets/GroundSlideRECOVERY_SS/Ground_Slide_Reccovery_ss_Sprite_38.uexp" 1229
"C:/Users/howli/Documents/Unreal Projects/SpriteTest 5.6/Content/Spritesheets/GroundSlideRECOVERY_SS/Ground_Slide_Reccovery_ss_Sprite_39.uasset" 1230
"C:/Users/howli/Documents/Unreal Projects/SpriteTest 5.6/Content/Spritesheets/GroundSlideRECOVERY_SS/Ground_Slide_Reccovery_ss_Sprite_39.uexp" 1231
"C:/Users/howli/Documents/Unreal Projects/SpriteTest 5.6/Content/Spritesheets/GroundSlideRECOVERY_SS/Ground_Slide_Reccovery_ss_Sprite_40.uasset" 1232
"C:/Users/howli/Documents/Unreal Projects/SpriteTest 5.6/Content/Spritesheets/GroundSlideRECOVERY_SS/Ground_Slide_Reccovery_ss_Sprite_40.uexp" 1233
"C:/Users/howli/Documents/Unreal Projects/SpriteTest 5.6/Content/Spritesheets/GroundSlideRECOVERY_SS/Ground_Slide_Reccovery_ss_Sprite_41.uasset" 1234
"C:/Users/howli/Documents/Unreal Projects/SpriteTest 5.6/Content/Spritesheets/GroundSlideRECOVERY_SS/Ground_Slide_Reccovery_ss_Sprite_41.uexp" 1235
"C:/Users/howli/Documents/Unreal Projects/SpriteTest 5.6/Content/Spritesheets/GroundSlideRECOVERY_SS/Ground_Slide_Reccovery_ss_Sprite_42.uasset" 1236
"C:/Users/howli/Documents/Unreal Projects/SpriteTest 5.6/Content/Spritesheets/GroundSlideRECOVERY_SS/Ground_Slide_Reccovery_ss_Sprite_42.uexp" 1237
"C:/Users/howli/Documents/Unreal Projects/SpriteTest 5.6/Content/Spritesheets/GroundSlideRECOVERY_SS/Ground_Slide_Reccovery_ss_Sprite_43.uasset" 1238
"C:/Users/howli/Documents/Unreal Projects/SpriteTest 5.6/Content/Spritesheets/GroundSlideRECOVERY_SS/Ground_Slide_Reccovery_ss_Sprite_43.uexp" 1239
"C:/Users/howli/Documents/Unreal Projects/SpriteTest 5.6/Content/Spritesheets/GroundSlideRECOVERY_SS/Ground_Slide_Reccovery_ss_Sprite_44.uasset" 1240
"C:/Users/howli/Documents/Unreal Projects/SpriteTest 5.6/Content/Spritesheets/GroundSlideRECOVERY_SS/Ground_Slide_Reccovery_ss_Sprite_44.uexp" 1241
"C:/Users/howli/Documents/Unreal Projects/SpriteTest 5.6/Content/Spritesheets/GroundSlideRECOVERY_SS/Ground_Slide_Reccovery_ss_Sprite_45.uasset" 1242
"C:/Users/howli/Documents/Unreal Projects/SpriteTest 5.6/Content/Spritesheets/GroundSlideRECOVERY_SS/Ground_Slide_Reccovery_ss_Sprite_45.uexp" 1243
"C:/Users/howli/Documents/Unreal Projects/SpriteTest 5.6/Content/Spritesheets/GroundSlideRECOVERY_SS/Ground_Slide_Reccovery_ss_Sprite_46.uasset" 1244
"C:/Users/howli/Documents/Unreal Projects/SpriteTest 5.6/Content/Spritesheets/GroundSlideRECOVERY_SS/Ground_Slide_Reccovery_ss_Sprite_46.uexp" 1245
"C:/Users/howli/Documents/Unreal Projects/SpriteTest 5.6/Content/Spritesheets/GroundSlideRECOVERY_SS/Ground_Slide_Reccovery_ss_Sprite_47.uasset" 1246
"C:/Users/howli/Documents/Unreal Projects/SpriteTest 5.6/Content/Spritesheets/GroundSlideRECOVERY_SS/Ground_Slide_Reccovery_ss_Sprite_47.uexp" 1247
"C:/Users/howli/Documents/Unreal Projects/SpriteTest 5.6/Content/Spritesheets/GroundSlideRECOVERY_SS/Ground_Slide_Reccovery_ss_Sprite_48.uasset" 1248
"C:/Users/howli/Documents/Unreal Projects/SpriteTest 5.6/Content/Spritesheets/GroundSlideRECOVERY_SS/Ground_Slide_Reccovery_ss_Sprite_48.uexp" 1249
"C:/Users/howli/Documents/Unreal Projects/SpriteTest 5.6/Content/Spritesheets/GroundSlideRECOVERY_SS/Ground_Slide_Reccovery_ss_Sprite_49.uasset" 1250
"C:/Users/howli/Documents/Unreal Projects/SpriteTest 5.6/Content/Spritesheets/GroundSlideRECOVERY_SS/Ground_Slide_Reccovery_ss_Sprite_49.uexp" 1251
"C:/Users/howli/Documents/Unreal Projects/SpriteTest 5.6/Content/Spritesheets/GroundSlideRECOVERY_SS/Ground_Slide_Reccovery_ss_Sprite_50.uasset" 1252
"C:/Users/howli/Documents/Unreal Projects/SpriteTest 5.6/Content/Spritesheets/GroundSlideRECOVERY_SS/Ground_Slide_Reccovery_ss_Sprite_50.uexp" 1253
"C:/Users/howli/Documents/Unreal Projects/SpriteTest 5.6/Content/Spritesheets/GroundSlideRECOVERY_SS/Ground_Slide_Reccovery_ss_Sprite_51.uasset" 1254
"C:/Users/howli/Documents/Unreal Projects/SpriteTest 5.6/Content/Spritesheets/GroundSlideRECOVERY_SS/Ground_Slide_Reccovery_ss_Sprite_51.uexp" 1255
"C:/Users/howli/Documents/Unreal Projects/SpriteTest 5.6/Content/Spritesheets/GroundSlideRECOVERY_SS/Ground_Slide_Reccovery_ss_Sprite_52.uasset" 1256
"C:/Users/howli/Documents/Unreal Projects/SpriteTest 5.6/Content/Spritesheets/GroundSlideRECOVERY_SS/Ground_Slide_Reccovery_ss_Sprite_52.uexp" 1257
"C:/Users/howli/Documents/Unreal Projects/SpriteTest 5.6/Content/Spritesheets/GroundSlideRECOVERY_SS/Ground_Slide_Reccovery_ss_Sprite_53.uasset" 1258
"C:/Users/howli/Documents/Unreal Projects/SpriteTest 5.6/Content/Spritesheets/GroundSlideRECOVERY_SS/Ground_Slide_Reccovery_ss_Sprite_53.uexp" 1259
"C:/Users/howli/Documents/Unreal Projects/SpriteTest 5.6/Content/Spritesheets/GroundSlideRECOVERY_SS/Ground_Slide_Reccovery_ss_Sprite_54.uasset" 1260
"C:/Users/howli/Documents/Unreal Projects/SpriteTest 5.6/Content/Spritesheets/GroundSlideRECOVERY_SS/Ground_Slide_Reccovery_ss_Sprite_54.uexp" 1261
"C:/Users/howli/Documents/Unreal Projects/SpriteTest 5.6/Content/Spritesheets/GroundSlideRECOVERY_SS/Ground_Slide_Reccovery_ss_Sprite_55.uasset" 1262
"C:/Users/howli/Documents/Unreal Projects/SpriteTest 5.6/Content/Spritesheets/GroundSlideRECOVERY_SS/Ground_Slide_Reccovery_ss_Sprite_55.uexp" 1263
"C:/Users/howli/Documents/Unreal Projects/SpriteTest 5.6/Content/Spritesheets/GroundSlideRECOVERY_SS/Ground_Slide_Reccovery_ss_Sprite_56.uasset" 1264
"C:/Users/howli/Documents/Unreal Projects/SpriteTest 5.6/Content/Spritesheets/GroundSlideRECOVERY_SS/Ground_Slide_Reccovery_ss_Sprite_56.uexp" 1265
"C:/Users/howli/Documents/Unreal Projects/SpriteTest 5.6/Content/Spritesheets/GroundSlideRECOVERY_SS/Ground_Slide_Reccovery_ss_Sprite_57.uasset" 1266
"C:/Users/howli/Documents/Unreal Projects/SpriteTest 5.6/Content/Spritesheets/GroundSlideRECOVERY_SS/Ground_Slide_Reccovery_ss_Sprite_57.uexp" 1267
"C:/Users/howli/Documents/Unreal Projects/SpriteTest 5.6/Content/Spritesheets/GroundSlideRECOVERY_SS/Ground_Slide_Reccovery_ss_Sprite_58.uasset" 1268
"C:/Users/howli/Documents/Unreal Projects/SpriteTest 5.6/Content/Spritesheets/GroundSlideRECOVERY_SS/Ground_Slide_Reccovery_ss_Sprite_58.uexp" 1269
"C:/Users/howli/Documents/Unreal Projects/SpriteTest 5.6/Content/Spritesheets/GroundSlideRECOVERY_SS/Ground_Slide_Reccovery_ss_Sprite_59.uasset" 1270
"C:/Users/howli/Documents/Unreal Projects/SpriteTest 5.6/Content/Spritesheets/GroundSlideRECOVERY_SS/Ground_Slide_Reccovery_ss_Sprite_59.uexp" 1271
"C:/Users/howli/Documents/Unreal Projects/SpriteTest 5.6/Content/Spritesheets/GroundSlideRECOVERY_SS/Ground_Slide_Reccovery_ss_Sprite_60.uasset" 1272
"C:/Users/howli/Documents/Unreal Projects/SpriteTest 5.6/Content/Spritesheets/GroundSlideRECOVERY_SS/Ground_Slide_Reccovery_ss_Sprite_60.uexp" 1273
"C:/Users/howli/Documents/Unreal Projects/SpriteTest 5.6/Content/Spritesheets/GroundSlideRECOVERY_SS/Ground_Slide_Reccovery_ss_Sprite_61.uasset" 1274
"C:/Users/howli/Documents/Unreal Projects/SpriteTest 5.6/Content/Spritesheets/GroundSlideRECOVERY_SS/Ground_Slide_Reccovery_ss_Sprite_61.uexp" 1275
"C:/Users/howli/Documents/Unreal Projects/SpriteTest 5.6/Content/Spritesheets/GroundSlideRECOVERY_SS/Ground_Slide_Reccovery_ss_Sprite_62.uasset" 1276
"C:/Users/howli/Documents/Unreal Projects/SpriteTest 5.6/Content/Spritesheets/GroundSlideRECOVERY_SS/Ground_Slide_Reccovery_ss_Sprite_62.uexp" 1277
"C:/Users/howli/Documents/Unreal Projects/SpriteTest 5.6/Content/Spritesheets/GroundSlideRECOVERY_SS/Ground_Slide_Reccovery_ss_Sprite_63.uasset" 1278
"C:/Users/howli/Documents/Unreal Projects/SpriteTest 5.6/Content/Spritesheets/GroundSlideRECOVERY_SS/Ground_Slide_Reccovery_ss_Sprite_63.uexp" 1279
"C:/Users/howli/Documents/Unreal Projects/SpriteTest 5.6/Content/Spritesheets/GroundSlideRECOVERY_SS/Ground_Slide_Reccovery_ss_Sprite_64.uasset" 1280
"C:/Users/howli/Documents/Unreal Projects/SpriteTest 5.6/Content/Spritesheets/GroundSlideRECOVERY_SS/Ground_Slide_Reccovery_ss_Sprite_64.uexp" 1281
"C:/Users/howli/Documents/Unreal Projects/SpriteTest 5.6/Content/Spritesheets/GroundSlideRECOVERY_SS/Ground_Slide_Reccovery_ss_Sprite_65.uasset" 1282
"C:/Users/howli/Documents/Unreal Projects/SpriteTest 5.6/Content/Spritesheets/GroundSlideRECOVERY_SS/Ground_Slide_Reccovery_ss_Sprite_65.uexp" 1283
"C:/Users/howli/Documents/Unreal Projects/SpriteTest 5.6/Content/Spritesheets/GroundSlideRECOVERY_SS/Ground_Slide_Reccovery_ss_Sprite_66.uasset" 1284
"C:/Users/howli/Documents/Unreal Projects/SpriteTest 5.6/Content/Spritesheets/GroundSlideRECOVERY_SS/Ground_Slide_Reccovery_ss_Sprite_66.uexp" 1285
"C:/Users/howli/Documents/Unreal Projects/SpriteTest 5.6/Content/Spritesheets/GroundSlideRECOVERY_SS/Ground_Slide_Reccovery_ss_Sprite_67.uasset" 1286
"C:/Users/howli/Documents/Unreal Projects/SpriteTest 5.6/Content/Spritesheets/GroundSlideRECOVERY_SS/Ground_Slide_Reccovery_ss_Sprite_67.uexp" 1287
"C:/Users/howli/Documents/Unreal Projects/SpriteTest 5.6/Content/Spritesheets/GroundSlideRECOVERY_SS/Ground_Slide_Reccovery_ss_Sprite_68.uasset" 1288
"C:/Users/howli/Documents/Unreal Projects/SpriteTest 5.6/Content/Spritesheets/GroundSlideRECOVERY_SS/Ground_Slide_Reccovery_ss_Sprite_68.uexp" 1289
"C:/Users/howli/Documents/Unreal Projects/SpriteTest 5.6/Content/Spritesheets/GroundSlideRECOVERY_SS/Ground_Slide_Reccovery_ss_Sprite_69.uasset" 1290
"C:/Users/howli/Documents/Unreal Projects/SpriteTest 5.6/Content/Spritesheets/GroundSlideRECOVERY_SS/Ground_Slide_Reccovery_ss_Sprite_69.uexp" 1291
"C:/Users/howli/Documents/Unreal Projects/SpriteTest 5.6/Content/Spritesheets/GroundSlideRECOVERY_SS/Ground_Slide_Reccovery_ss_Sprite_70.uasset" 1292
"C:/Users/howli/Documents/Unreal Projects/SpriteTest 5.6/Content/Spritesheets/GroundSlideRECOVERY_SS/Ground_Slide_Reccovery_ss_Sprite_70.uexp" 1293
"C:/Users/howli/Documents/Unreal Projects/SpriteTest 5.6/Content/Flipbooks/GroundSlideRECOVERY_ANIM.uasset" 1294
"C:/Users/howli/Documents/Unreal Projects/SpriteTest 5.6/Content/Flipbooks/GroundSlideRECOVERY_ANIM.uexp" 1295
"C:/Users/howli/Documents/Unreal Projects/SpriteTest 5.6/Content/Spritesheets/DoubleJump_SS/Double_Jump_SS.uasset" 1296
"C:/Users/howli/Documents/Unreal Projects/SpriteTest 5.6/Content/Spritesheets/DoubleJump_SS/Double_Jump_SS.uexp" 1297
"C:/Users/howli/Documents/Unreal Projects/SpriteTest 5.6/Content/Spritesheets/DoubleJump_SS/Double_Jump_SS_Sprite_0.uasset" 1298
"C:/Users/howli/Documents/Unreal Projects/SpriteTest 5.6/Content/Spritesheets/DoubleJump_SS/Double_Jump_SS_Sprite_0.uexp" 1299
"C:/Users/howli/Documents/Unreal Projects/SpriteTest 5.6/Content/Spritesheets/DoubleJump_SS/Double_Jump_SS_Sprite_1.uasset" 1300
"C:/Users/howli/Documents/Unreal Projects/SpriteTest 5.6/Content/Spritesheets/DoubleJump_SS/Double_Jump_SS_Sprite_1.uexp" 1301
"C:/Users/howli/Documents/Unreal Projects/SpriteTest 5.6/Content/Spritesheets/DoubleJump_SS/Double_Jump_SS_Sprite_2.uasset" 1302
"C:/Users/howli/Documents/Unreal Projects/SpriteTest 5.6/Content/Spritesheets/DoubleJump_SS/Double_Jump_SS_Sprite_2.uexp" 1303
"C:/Users/howli/Documents/Unreal Projects/SpriteTest 5.6/Content/Spritesheets/DoubleJump_SS/Double_Jump_SS_Sprite_3.uasset" 1304
"C:/Users/howli/Documents/Unreal Projects/SpriteTest 5.6/Content/Spritesheets/DoubleJump_SS/Double_Jump_SS_Sprite_3.uexp" 1305
"C:/Users/howli/Documents/Unreal Projects/SpriteTest 5.6/Content/Spritesheets/DoubleJump_SS/Double_Jump_SS_Sprite_4.uasset" 1306
"C:/Users/howli/Documents/Unreal Projects/SpriteTest 5.6/Content/Spritesheets/DoubleJump_SS/Double_Jump_SS_Sprite_4.uexp" 1307
"C:/Users/howli/Documents/Unreal Projects/SpriteTest 5.6/Content/Spritesheets/DoubleJump_SS/Double_Jump_SS_Sprite_5.uasset" 1308
"C:/Users/howli/Documents/Unreal Projects/SpriteTest 5.6/Content/Spritesheets/DoubleJump_SS/Double_Jump_SS_Sprite_5.uexp" 1309
"C:/Users/howli/Documents/Unreal Projects/SpriteTest 5.6/Content/Spritesheets/DoubleJump_SS/Double_Jump_SS_Sprite_6.uasset" 1310
"C:/Users/howli/Documents/Unreal Projects/SpriteTest 5.6/Content/Spritesheets/DoubleJump_SS/Double_Jump_SS_Sprite_6.uexp" 1311
"C:/Users/howli/Documents/Unreal Projects/SpriteTest 5.6/Content/Spritesheets/DoubleJump_SS/Double_Jump_SS_Sprite_7.uasset" 1312
"C:/Users/howli/Documents/Unreal Projects/SpriteTest 5.6/Content/Spritesheets/DoubleJump_SS/Double_Jump_SS_Sprite_7.uexp" 1313
"C:/Users/howli/Documents/Unreal Projects/SpriteTest 5.6/Content/Spritesheets/DoubleJump_SS/Double_Jump_SS_Sprite_8.uasset" 1314
"C:/Users/howli/Documents/Unreal Projects/SpriteTest 5.6/Content/Spritesheets/DoubleJump_SS/Double_Jump_SS_Sprite_8.uexp" 1315
"C:/Users/howli/Documents/Unreal Projects/SpriteTest 5.6/Content/Spritesheets/DoubleJump_SS/Double_Jump_SS_Sprite_9.uasset" 1316
"C:/Users/howli/Documents/Unreal Projects/SpriteTest 5.6/Content/Spritesheets/DoubleJump_SS/Double_Jump_SS_Sprite_9.uexp" 1317
"C:/Users/howli/Documents/Unreal Projects/SpriteTest 5.6/Content/Spritesheets/DoubleJump_SS/Double_Jump_SS_Sprite_10.uasset" 1318
"C:/Users/howli/Documents/Unreal Projects/SpriteTest 5.6/Content/Spritesheets/DoubleJump_SS/Double_Jump_SS_Sprite_10.uexp" 1319
"C:/Users/howli/Documents/Unreal Projects/SpriteTest 5.6/Content/Spritesheets/DoubleJump_SS/Double_Jump_SS_Sprite_11.uasset" 1320
"C:/Users/howli/Documents/Unreal Projects/SpriteTest 5.6/Content/Spritesheets/DoubleJump_SS/Double_Jump_SS_Sprite_11.uexp" 1321
"C:/Users/howli/Documents/Unreal Projects/SpriteTest 5.6/Content/Spritesheets/DoubleJump_SS/Double_Jump_SS_Sprite_12.uasset" 1322
"C:/Users/howli/Documents/Unreal Projects/SpriteTest 5.6/Content/Spritesheets/DoubleJump_SS/Double_Jump_SS_Sprite_12.uexp" 1323
"C:/Users/howli/Documents/Unreal Projects/SpriteTest 5.6/Content/Spritesheets/DoubleJump_SS/Double_Jump_SS_Sprite_13.uasset" 1324
"C:/Users/howli/Documents/Unreal Projects/SpriteTest 5.6/Content/Spritesheets/DoubleJump_SS/Double_Jump_SS_Sprite_13.uexp" 1325
"C:/Users/howli/Documents/Unreal Projects/SpriteTest 5.6/Content/Spritesheets/DoubleJump_SS/Double_Jump_SS_Sprite_14.uasset" 1326
"C:/Users/howli/Documents/Unreal Projects/SpriteTest 5.6/Content/Spritesheets/DoubleJump_SS/Double_Jump_SS_Sprite_14.uexp" 1327
"C:/Users/howli/Documents/Unreal Projects/SpriteTest 5.6/Content/Spritesheets/DoubleJump_SS/Double_Jump_SS_Sprite_15.uasset" 1328
"C:/Users/howli/Documents/Unreal Projects/SpriteTest 5.6/Content/Spritesheets/DoubleJump_SS/Double_Jump_SS_Sprite_15.uexp" 1329
"C:/Users/howli/Documents/Unreal Projects/SpriteTest 5.6/Content/Spritesheets/DoubleJump_SS/Double_Jump_SS_Sprite_16.uasset" 1330
"C:/Users/howli/Documents/Unreal Projects/SpriteTest 5.6/Content/Spritesheets/DoubleJump_SS/Double_Jump_SS_Sprite_16.uexp" 1331
"C:/Users/howli/Documents/Unreal Projects/SpriteTest 5.6/Content/Spritesheets/DoubleJump_SS/Double_Jump_SS_Sprite_17.uasset" 1332
"C:/Users/howli/Documents/Unreal Projects/SpriteTest 5.6/Content/Spritesheets/DoubleJump_SS/Double_Jump_SS_Sprite_17.uexp" 1333
"C:/Users/howli/Documents/Unreal Projects/SpriteTest 5.6/Content/Spritesheets/DoubleJump_SS/Double_Jump_SS_Sprite_18.uasset" 1334
"C:/Users/howli/Documents/Unreal Projects/SpriteTest 5.6/Content/Spritesheets/DoubleJump_SS/Double_Jump_SS_Sprite_18.uexp" 1335
"C:/Users/howli/Documents/Unreal Projects/SpriteTest 5.6/Content/Spritesheets/DoubleJump_SS/Double_Jump_SS_Sprite_19.uasset" 1336
"C:/Users/howli/Documents/Unreal Projects/SpriteTest 5.6/Content/Spritesheets/DoubleJump_SS/Double_Jump_SS_Sprite_19.uexp" 1337
"C:/Users/howli/Documents/Unreal Projects/SpriteTest 5.6/Content/Spritesheets/DoubleJump_SS/Double_Jump_SS_Sprite_20.uasset" 1338
"C:/Users/howli/Documents/Unreal Projects/SpriteTest 5.6/Content/Spritesheets/DoubleJump_SS/Double_Jump_SS_Sprite_20.uexp" 1339
"C:/Users/howli/Documents/Unreal Projects/SpriteTest 5.6/Content/Spritesheets/DoubleJump_SS/Double_Jump_SS_Sprite_21.uasset" 1340
"C:/Users/howli/Documents/Unreal Projects/SpriteTest 5.6/Content/Spritesheets/DoubleJump_SS/Double_Jump_SS_Sprite_21.uexp" 1341
"C:/Users/howli/Documents/Unreal Projects/SpriteTest 5.6/Content/Spritesheets/DoubleJump_SS/Double_Jump_SS_Sprite_22.uasset" 1342
"C:/Users/howli/Documents/Unreal Projects/SpriteTest 5.6/Content/Spritesheets/DoubleJump_SS/Double_Jump_SS_Sprite_22.uexp" 1343
"C:/Users/howli/Documents/Unreal Projects/SpriteTest 5.6/Content/Spritesheets/DoubleJump_SS/Double_Jump_SS_Sprite_23.uasset" 1344
"C:/Users/howli/Documents/Unreal Projects/SpriteTest 5.6/Content/Spritesheets/DoubleJump_SS/Double_Jump_SS_Sprite_23.uexp" 1345
"C:/Users/howli/Documents/Unreal Projects/SpriteTest 5.6/Content/Spritesheets/DoubleJump_SS/Double_Jump_SS_Sprite_24.uasset" 1346
"C:/Users/howli/Documents/Unreal Projects/SpriteTest 5.6/Content/Spritesheets/DoubleJump_SS/Double_Jump_SS_Sprite_24.uexp" 1347
"C:/Users/howli/Documents/Unreal Projects/SpriteTest 5.6/Content/Spritesheets/DoubleJump_SS/Double_Jump_SS_Sprite_25.uasset" 1348
"C:/Users/howli/Documents/Unreal Projects/SpriteTest 5.6/Content/Spritesheets/DoubleJump_SS/Double_Jump_SS_Sprite_25.uexp" 1349
"C:/Users/howli/Documents/Unreal Projects/SpriteTest 5.6/Content/Spritesheets/DoubleJump_SS/Double_Jump_SS_Sprite_26.uasset" 1350
"C:/Users/howli/Documents/Unreal Projects/SpriteTest 5.6/Content/Spritesheets/DoubleJump_SS/Double_Jump_SS_Sprite_26.uexp" 1351
"C:/Users/howli/Documents/Unreal Projects/SpriteTest 5.6/Content/Spritesheets/DoubleJump_SS/Double_Jump_SS_Sprite_27.uasset" 1352
"C:/Users/howli/Documents/Unreal Projects/SpriteTest 5.6/Content/Spritesheets/DoubleJump_SS/Double_Jump_SS_Sprite_27.uexp" 1353
"C:/Users/howli/Documents/Unreal Projects/SpriteTest 5.6/Content/Spritesheets/DoubleJump_SS/Double_Jump_SS_Sprite_28.uasset" 1354
"C:/Users/howli/Documents/Unreal Projects/SpriteTest 5.6/Content/Spritesheets/DoubleJump_SS/Double_Jump_SS_Sprite_28.uexp" 1355
"C:/Users/howli/Documents/Unreal Projects/SpriteTest 5.6/Content/Spritesheets/DoubleJump_SS/Double_Jump_SS_Sprite_29.uasset" 1356
"C:/Users/howli/Documents/Unreal Projects/SpriteTest 5.6/Content/Spritesheets/DoubleJump_SS/Double_Jump_SS_Sprite_29.uexp" 1357
"C:/Users/howli/Documents/Unreal Projects/SpriteTest 5.6/Content/Spritesheets/DoubleJump_SS/Double_Jump_SS_Sprite_30.uasset" 1358
"C:/Users/howli/Documents/Unreal Projects/SpriteTest 5.6/Content/Spritesheets/DoubleJump_SS/Double_Jump_SS_Sprite_30.uexp" 1359
"C:/Users/howli/Documents/Unreal Projects/SpriteTest 5.6/Content/Spritesheets/DoubleJump_SS/Double_Jump_SS_Sprite_31.uasset" 1360
"C:/Users/howli/Documents/Unreal Projects/SpriteTest 5.6/Content/Spritesheets/DoubleJump_SS/Double_Jump_SS_Sprite_31.uexp" 1361
"C:/Users/howli/Documents/Unreal Projects/SpriteTest 5.6/Content/Spritesheets/DoubleJump_SS/Double_Jump_SS_Sprite_32.uasset" 1362
"C:/Users/howli/Documents/Unreal Projects/SpriteTest 5.6/Content/Spritesheets/DoubleJump_SS/Double_Jump_SS_Sprite_32.uexp" 1363
"C:/Users/howli/Documents/Unreal Projects/SpriteTest 5.6/Content/Spritesheets/DoubleJump_SS/Double_Jump_SS_Sprite_33.uasset" 1364
"C:/Users/howli/Documents/Unreal Projects/SpriteTest 5.6/Content/Spritesheets/DoubleJump_SS/Double_Jump_SS_Sprite_33.uexp" 1365
"C:/Users/howli/Documents/Unreal Projects/SpriteTest 5.6/Content/Spritesheets/DoubleJump_SS/Double_Jump_SS_Sprite_34.uasset" 1366
"C:/Users/howli/Documents/Unreal Projects/SpriteTest 5.6/Content/Spritesheets/DoubleJump_SS/Double_Jump_SS_Sprite_34.uexp" 1367
"C:/Users/howli/Documents/Unreal Projects/SpriteTest 5.6/Content/Spritesheets/DoubleJump_SS/Double_Jump_SS_Sprite_35.uasset" 1368
"C:/Users/howli/Documents/Unreal Projects/SpriteTest 5.6/Content/Spritesheets/DoubleJump_SS/Double_Jump_SS_Sprite_35.uexp" 1369
"C:/Users/howli/Documents/Unreal Projects/SpriteTest 5.6/Content/Spritesheets/DoubleJump_SS/Double_Jump_SS_Sprite_36.uasset" 1370
"C:/Users/howli/Documents/Unreal Projects/SpriteTest 5.6/Content/Spritesheets/DoubleJump_SS/Double_Jump_SS_Sprite_36.uexp" 1371
"C:/Users/howli/Documents/Unreal Projects/SpriteTest 5.6/Content/Spritesheets/DoubleJump_SS/Double_Jump_SS_Sprite_37.uasset" 1372
"C:/Users/howli/Documents/Unreal Projects/SpriteTest 5.6/Content/Spritesheets/DoubleJump_SS/Double_Jump_SS_Sprite_37.uexp" 1373
"C:/Users/howli/Documents/Unreal Projects/SpriteTest 5.6/Content/Spritesheets/DoubleJump_SS/Double_Jump_SS_Sprite_38.uasset" 1374
"C:/Users/howli/Documents/Unreal Projects/SpriteTest 5.6/Content/Spritesheets/DoubleJump_SS/Double_Jump_SS_Sprite_38.uexp" 1375
"C:/Users/howli/Documents/Unreal Projects/SpriteTest 5.6/Content/Spritesheets/DoubleJump_SS/Double_Jump_SS_Sprite_39.uasset" 1376
"C:/Users/howli/Documents/Unreal Projects/SpriteTest 5.6/Content/Spritesheets/DoubleJump_SS/Double_Jump_SS_Sprite_39.uexp" 1377
"C:/Users/howli/Documents/Unreal Projects/SpriteTest 5.6/Content/Spritesheets/DoubleJump_SS/Double_Jump_SS_Sprite_40.uasset" 1378
"C:/Users/howli/Documents/Unreal Projects/SpriteTest 5.6/Content/Spritesheets/DoubleJump_SS/Double_Jump_SS_Sprite_40.uexp" 1379
"C:/Users/howli/Documents/Unreal Projects/SpriteTest 5.6/Content/Spritesheets/DoubleJump_SS/Double_Jump_SS_Sprite_41.uasset" 1380
"C:/Users/howli/Documents/Unreal Projects/SpriteTest 5.6/Content/Spritesheets/DoubleJump_SS/Double_Jump_SS_Sprite_41.uexp" 1381
"C:/Users/howli/Documents/Unreal Projects/SpriteTest 5.6/Content/Spritesheets/DoubleJump_SS/Double_Jump_SS_Sprite_42.uasset" 1382
"C:/Users/howli/Documents/Unreal Projects/SpriteTest 5.6/Content/Spritesheets/DoubleJump_SS/Double_Jump_SS_Sprite_42.uexp" 1383
"C:/Users/howli/Documents/Unreal Projects/SpriteTest 5.6/Content/Spritesheets/DoubleJump_SS/Double_Jump_SS_Sprite_43.uasset" 1384
"C:/Users/howli/Documents/Unreal Projects/SpriteTest 5.6/Content/Spritesheets/DoubleJump_SS/Double_Jump_SS_Sprite_43.uexp" 1385
"C:/Users/howli/Documents/Unreal Projects/SpriteTest 5.6/Content/Spritesheets/DoubleJump_SS/Double_Jump_SS_Sprite_44.uasset" 1386
"C:/Users/howli/Documents/Unreal Projects/SpriteTest 5.6/Content/Spritesheets/DoubleJump_SS/Double_Jump_SS_Sprite_44.uexp" 1387
"C:/Users/howli/Documents/Unreal Projects/SpriteTest 5.6/Content/Spritesheets/DoubleJump_SS/Double_Jump_SS_Sprite_45.uasset" 1388
"C:/Users/howli/Documents/Unreal Projects/SpriteTest 5.6/Content/Spritesheets/DoubleJump_SS/Double_Jump_SS_Sprite_45.uexp" 1389
"C:/Users/howli/Documents/Unreal Projects/SpriteTest 5.6/Content/Flipbooks/Double_Jump_SS1.uasset" 1390
"C:/Users/howli/Documents/Unreal Projects/SpriteTest 5.6/Content/Flipbooks/Double_Jump_SS1.uexp" 1391
"C:/Users/howli/Documents/Unreal Projects/SpriteTest 5.6/Content/Spritesheets/Launch_SS/Launch_SS.uasset" 1392
"C:/Users/howli/Documents/Unreal Projects/SpriteTest 5.6/Content/Spritesheets/Launch_SS/Launch_SS.uexp" 1393
"C:/Users/howli/Documents/Unreal Projects/SpriteTest 5.6/Content/Spritesheets/Launch_SS/Launch_SS_Sprite_0.uasset" 1394
"C:/Users/howli/Documents/Unreal Projects/SpriteTest 5.6/Content/Spritesheets/Launch_SS/Launch_SS_Sprite_0.uexp" 1395
"C:/Users/howli/Documents/Unreal Projects/SpriteTest 5.6/Content/Spritesheets/Launch_SS/Launch_SS_Sprite_1.uasset" 1396
"C:/Users/howli/Documents/Unreal Projects/SpriteTest 5.6/Content/Spritesheets/Launch_SS/Launch_SS_Sprite_1.uexp" 1397
"C:/Users/howli/Documents/Unreal Projects/SpriteTest 5.6/Content/Spritesheets/Launch_SS/Launch_SS_Sprite_2.uasset" 1398
"C:/Users/howli/Documents/Unreal Projects/SpriteTest 5.6/Content/Spritesheets/Launch_SS/Launch_SS_Sprite_2.uexp" 1399
"C:/Users/howli/Documents/Unreal Projects/SpriteTest 5.6/Content/Spritesheets/Launch_SS/Launch_SS_Sprite_3.uasset" 1400
"C:/Users/howli/Documents/Unreal Projects/SpriteTest 5.6/Content/Spritesheets/Launch_SS/Launch_SS_Sprite_3.uexp" 1401
"C:/Users/howli/Documents/Unreal Projects/SpriteTest 5.6/Content/Spritesheets/Launch_SS/Launch_SS_Sprite_4.uasset" 1402
"C:/Users/howli/Documents/Unreal Projects/SpriteTest 5.6/Content/Spritesheets/Launch_SS/Launch_SS_Sprite_4.uexp" 1403
"C:/Users/howli/Documents/Unreal Projects/SpriteTest 5.6/Content/Spritesheets/Launch_SS/Launch_SS_Sprite_5.uasset" 1404
"C:/Users/howli/Documents/Unreal Projects/SpriteTest 5.6/Content/Spritesheets/Launch_SS/Launch_SS_Sprite_5.uexp" 1405
"C:/Users/howli/Documents/Unreal Projects/SpriteTest 5.6/Content/Spritesheets/Launch_SS/Launch_SS_Sprite_6.uasset" 1406
"C:/Users/howli/Documents/Unreal Projects/SpriteTest 5.6/Content/Spritesheets/Launch_SS/Launch_SS_Sprite_6.uexp" 1407
"C:/Users/howli/Documents/Unreal Projects/SpriteTest 5.6/Content/Spritesheets/Launch_SS/Launch_SS_Sprite_7.uasset" 1408
"C:/Users/howli/Documents/Unreal Projects/SpriteTest 5.6/Content/Spritesheets/Launch_SS/Launch_SS_Sprite_7.uexp" 1409
"C:/Users/howli/Documents/Unreal Projects/SpriteTest 5.6/Content/Spritesheets/Launch_SS/Launch_SS_Sprite_8.uasset" 1410
"C:/Users/howli/Documents/Unreal Projects/SpriteTest 5.6/Content/Spritesheets/Launch_SS/Launch_SS_Sprite_8.uexp" 1411
"C:/Users/howli/Documents/Unreal Projects/SpriteTest 5.6/Content/Spritesheets/Launch_SS/Launch_SS_Sprite_9.uasset" 1412
"C:/Users/howli/Documents/Unreal Projects/SpriteTest 5.6/Content/Spritesheets/Launch_SS/Launch_SS_Sprite_9.uexp" 1413
"C:/Users/howli/Documents/Unreal Projects/SpriteTest 5.6/Content/Spritesheets/Launch_SS/Launch_SS_Sprite_10.uasset" 1414
"C:/Users/howli/Documents/Unreal Projects/SpriteTest 5.6/Content/Spritesheets/Launch_SS/Launch_SS_Sprite_10.uexp" 1415
"C:/Users/howli/Documents/Unreal Projects/SpriteTest 5.6/Content/Spritesheets/Launch_SS/Launch_SS_Sprite_11.uasset" 1416
"C:/Users/howli/Documents/Unreal Projects/SpriteTest 5.6/Content/Spritesheets/Launch_SS/Launch_SS_Sprite_11.uexp" 1417
"C:/Users/howli/Documents/Unreal Projects/SpriteTest 5.6/Content/Spritesheets/Launch_SS/Launch_SS_Sprite_12.uasset" 1418
"C:/Users/howli/Documents/Unreal Projects/SpriteTest 5.6/Content/Spritesheets/Launch_SS/Launch_SS_Sprite_12.uexp" 1419
"C:/Users/howli/Documents/Unreal Projects/SpriteTest 5.6/Content/Spritesheets/Launch_SS/Launch_SS_Sprite_13.uasset" 1420
"C:/Users/howli/Documents/Unreal Projects/SpriteTest 5.6/Content/Spritesheets/Launch_SS/Launch_SS_Sprite_13.uexp" 1421
"C:/Users/howli/Documents/Unreal Projects/SpriteTest 5.6/Content/Spritesheets/Launch_SS/Launch_SS_Sprite_14.uasset" 1422
"C:/Users/howli/Documents/Unreal Projects/SpriteTest 5.6/Content/Spritesheets/Launch_SS/Launch_SS_Sprite_14.uexp" 1423
"C:/Users/howli/Documents/Unreal Projects/SpriteTest 5.6/Content/Flipbooks/Dash_Start_Anim.uasset" 1424
"C:/Users/howli/Documents/Unreal Projects/SpriteTest 5.6/Content/Flipbooks/Dash_Start_Anim.uexp" 1425
"C:/Users/howli/Documents/Unreal Projects/SpriteTest 5.6/Content/Spritesheets/Launch_SS/Launch_SS_Sprite_17.uasset" 1426
"C:/Users/howli/Documents/Unreal Projects/SpriteTest 5.6/Content/Spritesheets/Launch_SS/Launch_SS_Sprite_17.uexp" 1427
"C:/Users/howli/Documents/Unreal Projects/SpriteTest 5.6/Content/Spritesheets/Launch_SS/Launch_SS_Sprite_18.uasset" 1428
"C:/Users/howli/Documents/Unreal Projects/SpriteTest 5.6/Content/Spritesheets/Launch_SS/Launch_SS_Sprite_18.uexp" 1429
"C:/Users/howli/Documents/Unreal Projects/SpriteTest 5.6/Content/Spritesheets/Launch_SS/Launch_SS_Sprite_19.uasset" 1430
"C:/Users/howli/Documents/Unreal Projects/SpriteTest 5.6/Content/Spritesheets/Launch_SS/Launch_SS_Sprite_19.uexp" 1431
"C:/Users/howli/Documents/Unreal Projects/SpriteTest 5.6/Content/Spritesheets/Launch_SS/Launch_SS_Sprite_20.uasset" 1432
"C:/Users/howli/Documents/Unreal Projects/SpriteTest 5.6/Content/Spritesheets/Launch_SS/Launch_SS_Sprite_20.uexp" 1433
"C:/Users/howli/Documents/Unreal Projects/SpriteTest 5.6/Content/Spritesheets/Launch_SS/Launch_SS_Sprite_21.uasset" 1434
"C:/Users/howli/Documents/Unreal Projects/SpriteTest 5.6/Content/Spritesheets/Launch_SS/Launch_SS_Sprite_21.uexp" 1435
"C:/Users/howli/Documents/Unreal Projects/SpriteTest 5.6/Content/Spritesheets/Launch_SS/Launch_SS_Sprite_22.uasset" 1436
"C:/Users/howli/Documents/Unreal Projects/SpriteTest 5.6/Content/Spritesheets/Launch_SS/Launch_SS_Sprite_22.uexp" 1437
"C:/Users/howli/Documents/Unreal Projects/SpriteTest 5.6/Content/Spritesheets/Launch_SS/Launch_SS_Sprite_23.uasset" 1438
"C:/Users/howli/Documents/Unreal Projects/SpriteTest 5.6/Content/Spritesheets/Launch_SS/Launch_SS_Sprite_23.uexp" 1439
"C:/Users/howli/Documents/Unreal Projects/SpriteTest 5.6/Content/Spritesheets/Launch_SS/Launch_SS_Sprite_24.uasset" 1440
"C:/Users/howli/Documents/Unreal Projects/SpriteTest 5.6/Content/Spritesheets/Launch_SS/Launch_SS_Sprite_24.uexp" 1441
"C:/Users/howli/Documents/Unreal Projects/SpriteTest 5.6/Content/Spritesheets/Launch_SS/Launch_SS_Sprite_25.uasset" 1442
"C:/Users/howli/Documents/Unreal Projects/SpriteTest 5.6/Content/Spritesheets/Launch_SS/Launch_SS_Sprite_25.uexp" 1443
"C:/Users/howli/Documents/Unreal Projects/SpriteTest 5.6/Content/Spritesheets/Launch_SS/Launch_SS_Sprite_26.uasset" 1444
"C:/Users/howli/Documents/Unreal Projects/SpriteTest 5.6/Content/Spritesheets/Launch_SS/Launch_SS_Sprite_26.uexp" 1445
"C:/Users/howli/Documents/Unreal Projects/SpriteTest 5.6/Content/Spritesheets/Launch_SS/Launch_SS_Sprite_27.uasset" 1446
"C:/Users/howli/Documents/Unreal Projects/SpriteTest 5.6/Content/Spritesheets/Launch_SS/Launch_SS_Sprite_27.uexp" 1447
"C:/Users/howli/Documents/Unreal Projects/SpriteTest 5.6/Content/Spritesheets/Launch_SS/Launch_SS_Sprite_28.uasset" 1448
"C:/Users/howli/Documents/Unreal Projects/SpriteTest 5.6/Content/Spritesheets/Launch_SS/Launch_SS_Sprite_28.uexp" 1449
"C:/Users/howli/Documents/Unreal Projects/SpriteTest 5.6/Content/Spritesheets/Launch_SS/Launch_SS_Sprite_29.uasset" 1450
"C:/Users/howli/Documents/Unreal Projects/SpriteTest 5.6/Content/Spritesheets/Launch_SS/Launch_SS_Sprite_29.uexp" 1451
"C:/Users/howli/Documents/Unreal Projects/SpriteTest 5.6/Content/Spritesheets/Launch_SS/Launch_SS_Sprite_30.uasset" 1452
"C:/Users/howli/Documents/Unreal Projects/SpriteTest 5.6/Content/Spritesheets/Launch_SS/Launch_SS_Sprite_30.uexp" 1453
"C:/Users/howli/Documents/Unreal Projects/SpriteTest 5.6/Content/Spritesheets/Launch_SS/Launch_SS_Sprite_31.uasset" 1454
"C:/Users/howli/Documents/Unreal Projects/SpriteTest 5.6/Content/Spritesheets/Launch_SS/Launch_SS_Sprite_31.uexp" 1455
"C:/Users/howli/Documents/Unreal Projects/SpriteTest 5.6/Content/Spritesheets/Launch_SS/Launch_SS_Sprite_32.uasset" 1456
"C:/Users/howli/Documents/Unreal Projects/SpriteTest 5.6/Content/Spritesheets/Launch_SS/Launch_SS_Sprite_32.uexp" 1457
"C:/Users/howli/Documents/Unreal Projects/SpriteTest 5.6/Content/Flipbooks/Dash_Loop_Anim.uasset" 1458
"C:/Users/howli/Documents/Unreal Projects/SpriteTest 5.6/Content/Flipbooks/Dash_Loop_Anim.uexp" 1459
"C:/Users/howli/Documents/Unreal Projects/SpriteTest 5.6/Content/Spritesheets/Launch_SS/Launch_SS_Sprite_36.uasset" 1460
"C:/Users/howli/Documents/Unreal Projects/SpriteTest 5.6/Content/Spritesheets/Launch_SS/Launch_SS_Sprite_36.uexp" 1461
"C:/Users/howli/Documents/Unreal Projects/SpriteTest 5.6/Content/Spritesheets/Launch_SS/Launch_SS_Sprite_37.uasset" 1462
"C:/Users/howli/Documents/Unreal Projects/SpriteTest 5.6/Content/Spritesheets/Launch_SS/Launch_SS_Sprite_37.uexp" 1463
"C:/Users/howli/Documents/Unreal Projects/SpriteTest 5.6/Content/Spritesheets/Launch_SS/Launch_SS_Sprite_38.uasset" 1464
"C:/Users/howli/Documents/Unreal Projects/SpriteTest 5.6/Content/Spritesheets/Launch_SS/Launch_SS_Sprite_38.uexp" 1465
"C:/Users/howli/Documents/Unreal Projects/SpriteTest 5.6/Content/Spritesheets/Launch_SS/Launch_SS_Sprite_39.uasset" 1466
"C:/Users/howli/Documents/Unreal Projects/SpriteTest 5.6/Content/Spritesheets/Launch_SS/Launch_SS_Sprite_39.uexp" 1467
"C:/Users/howli/Documents/Unreal Projects/SpriteTest 5.6/Content/Spritesheets/Launch_SS/Launch_SS_Sprite_40.uasset" 1468
"C:/Users/howli/Documents/Unreal Projects/SpriteTest 5.6/Content/Spritesheets/Launch_SS/Launch_SS_Sprite_40.uexp" 1469
"C:/Users/howli/Documents/Unreal Projects/SpriteTest 5.6/Content/Spritesheets/Launch_SS/Launch_SS_Sprite_41.uasset" 1470
"C:/Users/howli/Documents/Unreal Projects/SpriteTest 5.6/Content/Spritesheets/Launch_SS/Launch_SS_Sprite_41.uexp" 1471
"C:/Users/howli/Documents/Unreal Projects/SpriteTest 5.6/Content/Spritesheets/Launch_SS/Launch_SS_Sprite_42.uasset" 1472
"C:/Users/howli/Documents/Unreal Projects/SpriteTest 5.6/Content/Spritesheets/Launch_SS/Launch_SS_Sprite_42.uexp" 1473
"C:/Users/howli/Documents/Unreal Projects/SpriteTest 5.6/Content/Spritesheets/Launch_SS/Launch_SS_Sprite_43.uasset" 1474
"C:/Users/howli/Documents/Unreal Projects/SpriteTest 5.6/Content/Spritesheets/Launch_SS/Launch_SS_Sprite_43.uexp" 1475
"C:/Users/howli/Documents/Unreal Projects/SpriteTest 5.6/Content/Spritesheets/Launch_SS/Launch_SS_Sprite_44.uasset" 1476
"C:/Users/howli/Documents/Unreal Projects/SpriteTest 5.6/Content/Spritesheets/Launch_SS/Launch_SS_Sprite_44.uexp" 1477
"C:/Users/howli/Documents/Unreal Projects/SpriteTest 5.6/Content/Spritesheets/Launch_SS/Launch_SS_Sprite_45.uasset" 1478
"C:/Users/howli/Documents/Unreal Projects/SpriteTest 5.6/Content/Spritesheets/Launch_SS/Launch_SS_Sprite_45.uexp" 1479
"C:/Users/howli/Documents/Unreal Projects/SpriteTest 5.6/Content/Spritesheets/Launch_SS/Launch_SS_Sprite_46.uasset" 1480
"C:/Users/howli/Documents/Unreal Projects/SpriteTest 5.6/Content/Spritesheets/Launch_SS/Launch_SS_Sprite_46.uexp" 1481
"C:/Users/howli/Documents/Unreal Projects/SpriteTest 5.6/Content/Spritesheets/Launch_SS/Launch_SS_Sprite_47.uasset" 1482
"C:/Users/howli/Documents/Unreal Projects/SpriteTest 5.6/Content/Spritesheets/Launch_SS/Launch_SS_Sprite_47.uexp" 1483
"C:/Users/howli/Documents/Unreal Projects/SpriteTest 5.6/Content/Spritesheets/Launch_SS/Launch_SS_Sprite_48.uasset" 1484
"C:/Users/howli/Documents/Unreal Projects/SpriteTest 5.6/Content/Spritesheets/Launch_SS/Launch_SS_Sprite_48.uexp" 1485
"C:/Users/howli/Documents/Unreal Projects/SpriteTest 5.6/Content/Spritesheets/Launch_SS/Launch_SS_Sprite_49.uasset" 1486
"C:/Users/howli/Documents/Unreal Projects/SpriteTest 5.6/Content/Spritesheets/Launch_SS/Launch_SS_Sprite_49.uexp" 1487
"C:/Users/howli/Documents/Unreal Projects/SpriteTest 5.6/Content/Spritesheets/Launch_SS/Launch_SS_Sprite_50.uasset" 1488
"C:/Users/howli/Documents/Unreal Projects/SpriteTest 5.6/Content/Spritesheets/Launch_SS/Launch_SS_Sprite_50.uexp" 1489
"C:/Users/howli/Documents/Unreal Projects/SpriteTest 5.6/Content/Spritesheets/Launch_SS/Launch_SS_Sprite_51.uasset" 1490
"C:/Users/howli/Documents/Unreal Projects/SpriteTest 5.6/Content/Spritesheets/Launch_SS/Launch_SS_Sprite_51.uexp" 1491
"C:/Users/howli/Documents/Unreal Projects/SpriteTest 5.6/Content/Spritesheets/Launch_SS/Launch_SS_Sprite_52.uasset" 1492
"C:/Users/howli/Documents/Unreal Projects/SpriteTest 5.6/Content/Spritesheets/Launch_SS/Launch_SS_Sprite_52.uexp" 1493
"C:/Users/howli/Documents/Unreal Projects/SpriteTest 5.6/Content/Spritesheets/Launch_SS/Launch_SS_Sprite_53.uasset" 1494
"C:/Users/howli/Documents/Unreal Projects/SpriteTest 5.6/Content/Spritesheets/Launch_SS/Launch_SS_Sprite_53.uexp" 1495
"C:/Users/howli/Documents/Unreal Projects/SpriteTest 5.6/Content/Spritesheets/Launch_SS/Launch_SS_Sprite_54.uasset" 1496
"C:/Users/howli/Documents/Unreal Projects/SpriteTest 5.6/Content/Spritesheets/Launch_SS/Launch_SS_Sprite_54.uexp" 1497
"C:/Users/howli/Documents/Unreal Projects/SpriteTest 5.6/Content/Spritesheets/Launch_SS/Launch_SS_Sprite_55.uasset" 1498
"C:/Users/howli/Documents/Unreal Projects/SpriteTest 5.6/Content/Spritesheets/Launch_SS/Launch_SS_Sprite_55.uexp" 1499
"C:/Users/howli/Documents/Unreal Projects/SpriteTest 5.6/Content/Spritesheets/Launch_SS/Launch_SS_Sprite_56.uasset" 1500
"C:/Users/howli/Documents/Unreal Projects/SpriteTest 5.6/Content/Spritesheets/Launch_SS/Launch_SS_Sprite_56.uexp" 1501
"C:/Users/howli/Documents/Unreal Projects/SpriteTest 5.6/Content/Spritesheets/Launch_SS/Launch_SS_Sprite_57.uasset" 1502
"C:/Users/howli/Documents/Unreal Projects/SpriteTest 5.6/Content/Spritesheets/Launch_SS/Launch_SS_Sprite_57.uexp" 1503
"C:/Users/howli/Documents/Unreal Projects/SpriteTest 5.6/Content/Spritesheets/Launch_SS/Launch_SS_Sprite_58.uasset" 1504
"C:/Users/howli/Documents/Unreal Projects/SpriteTest 5.6/Content/Spritesheets/Launch_SS/Launch_SS_Sprite_58.uexp" 1505
"C:/Users/howli/Documents/Unreal Projects/SpriteTest 5.6/Content/Spritesheets/Launch_SS/Launch_SS_Sprite_59.uasset" 1506
"C:/Users/howli/Documents/Unreal Projects/SpriteTest 5.6/Content/Spritesheets/Launch_SS/Launch_SS_Sprite_59.uexp" 1507
"C:/Users/howli/Documents/Unreal Projects/SpriteTest 5.6/Content/Spritesheets/Launch_SS/Launch_SS_Sprite_60.uasset" 1508
"C:/Users/howli/Documents/Unreal Projects/SpriteTest 5.6/Content/Spritesheets/Launch_SS/Launch_SS_Sprite_60.uexp" 1509
"C:/Users/howli/Documents/Unreal Projects/SpriteTest 5.6/Content/Spritesheets/Launch_SS/Launch_SS_Sprite_61.uasset" 1510
"C:/Users/howli/Documents/Unreal Projects/SpriteTest 5.6/Content/Spritesheets/Launch_SS/Launch_SS_Sprite_61.uexp" 1511
"C:/Users/howli/Documents/Unreal Projects/SpriteTest 5.6/Content/Spritesheets/Launch_SS/Launch_SS_Sprite_62.uasset" 1512
"C:/Users/howli/Documents/Unreal Projects/SpriteTest 5.6/Content/Spritesheets/Launch_SS/Launch_SS_Sprite_62.uexp" 1513
"C:/Users/howli/Documents/Unreal Projects/SpriteTest 5.6/Content/Spritesheets/Launch_SS/Launch_SS_Sprite_63.uasset" 1514
"C:/Users/howli/Documents/Unreal Projects/SpriteTest 5.6/Content/Spritesheets/Launch_SS/Launch_SS_Sprite_63.uexp" 1515
"C:/Users/howli/Documents/Unreal Projects/SpriteTest 5.6/Content/Spritesheets/Launch_SS/Launch_SS_Sprite_64.uasset" 1516
"C:/Users/howli/Documents/Unreal Projects/SpriteTest 5.6/Content/Spritesheets/Launch_SS/Launch_SS_Sprite_64.uexp" 1517
"C:/Users/howli/Documents/Unreal Projects/SpriteTest 5.6/Content/Spritesheets/Launch_SS/Launch_SS_Sprite_65.uasset" 1518
"C:/Users/howli/Documents/Unreal Projects/SpriteTest 5.6/Content/Spritesheets/Launch_SS/Launch_SS_Sprite_65.uexp" 1519
"C:/Users/howli/Documents/Unreal Projects/SpriteTest 5.6/Content/Spritesheets/Launch_SS/Launch_SS_Sprite_66.uasset" 1520
"C:/Users/howli/Documents/Unreal Projects/SpriteTest 5.6/Content/Spritesheets/Launch_SS/Launch_SS_Sprite_66.uexp" 1521
"C:/Users/howli/Documents/Unreal Projects/SpriteTest 5.6/Content/Spritesheets/Launch_SS/Launch_SS_Sprite_67.uasset" 1522
"C:/Users/howli/Documents/Unreal Projects/SpriteTest 5.6/Content/Spritesheets/Launch_SS/Launch_SS_Sprite_67.uexp" 1523
"C:/Users/howli/Documents/Unreal Projects/SpriteTest 5.6/Content/Spritesheets/Launch_SS/Launch_SS_Sprite_68.uasset" 1524
"C:/Users/howli/Documents/Unreal Projects/SpriteTest 5.6/Content/Spritesheets/Launch_SS/Launch_SS_Sprite_68.uexp" 1525
"C:/Users/howli/Documents/Unreal Projects/SpriteTest 5.6/Content/Flipbooks/Dash_End_Anim.uasset" 1526
"C:/Users/howli/Documents/Unreal Projects/SpriteTest 5.6/Content/Flipbooks/Dash_End_Anim.uexp" 1527
"C:/Users/howli/Documents/Unreal Projects/SpriteTest 5.6/Content/Flipbooks/AirDashStart_Anim.uasset" 1528
"C:/Users/howli/Documents/Unreal Projects/SpriteTest 5.6/Content/Flipbooks/AirDashStart_Anim.uexp" 1529
"C:/Users/howli/Documents/Unreal Projects/SpriteTest 5.6/Content/HUD_Assets/Character_Image0000.uasset" 1530
"C:/Users/howli/Documents/Unreal Projects/SpriteTest 5.6/Content/HUD_Assets/Character_Image0000.uexp" 1531
"C:/Users/howli/Documents/Unreal Projects/SpriteTest 5.6/Content/Blueprints/HUD.uasset" 1532
"C:/Users/howli/Documents/Unreal Projects/SpriteTest 5.6/Content/Blueprints/HUD.uexp" 1533
"C:/Users/howli/Documents/Unreal Projects/SpriteTest 5.6/Content/Blueprints/2D_Character.uasset" 1534
"C:/Users/howli/Documents/Unreal Projects/SpriteTest 5.6/Content/Blueprints/2D_Character.uexp" 1535
"C:/Users/howli/Documents/Unreal Projects/SpriteTest 5.6/Content/Blueprints/2D_PlayerController.uasset" 1536
"C:/Users/howli/Documents/Unreal Projects/SpriteTest 5.6/Content/Blueprints/2D_PlayerController.uexp" 1537
"C:/Users/howli/Documents/Unreal Projects/SpriteTest 5.6/Content/Blueprints/2D_GameMode.uasset" 1538
"C:/Users/howli/Documents/Unreal Projects/SpriteTest 5.6/Content/Blueprints/2D_GameMode.uexp" 1539
"../../../Engine/Plugins/VirtualProduction/CameraCalibrationCore/Content/Materials/M_DefaultOddSquare.uasset" 1540
"../../../Engine/Plugins/VirtualProduction/CameraCalibrationCore/Content/Materials/M_DefaultOddSquare.uexp" 1541
"../../../Engine/Plugins/VirtualProduction/CameraCalibrationCore/Content/Materials/M_DefaultEvenSquare.uasset" 1542
"../../../Engine/Plugins/VirtualProduction/CameraCalibrationCore/Content/Materials/M_DefaultEvenSquare.uexp" 1543
"../../../Engine/Plugins/Runtime/HairStrands/Content/Materials/HairMeshesDefaultMaterial.uasset" 1544
"../../../Engine/Plugins/Runtime/HairStrands/Content/Materials/HairMeshesDefaultMaterial.uexp" 1545
"../../../Engine/Plugins/Runtime/HairStrands/Content/Materials/HairDefaultMaterial.uasset" 1546
"../../../Engine/Plugins/Runtime/HairStrands/Content/Materials/HairDefaultMaterial.uexp" 1547
"../../../Engine/Content/Functions/Engine_MaterialFunctions02/Utility/MakeFloat2.uasset" 1548
"../../../Engine/Content/Functions/Engine_MaterialFunctions02/Utility/MakeFloat2.uexp" 1549
"../../../Engine/Content/Functions/Engine_MaterialFunctions02/Utility/MakeFloat3.uasset" 1550
"../../../Engine/Content/Functions/Engine_MaterialFunctions02/Utility/MakeFloat3.uexp" 1551
"../../../Engine/Content/EngineMaterials/HairDebugColor.uasset" 1552
"../../../Engine/Content/EngineMaterials/HairDebugColor.uexp" 1553
"../../../Engine/Content/EngineMaterials/HairColorMap.uasset" 1554
"../../../Engine/Content/EngineMaterials/HairColorMap.uexp" 1555
"../../../Engine/Plugins/Runtime/HairStrands/Content/Materials/HairGroupColors.uasset" 1556
"../../../Engine/Plugins/Runtime/HairStrands/Content/Materials/HairGroupColors.uexp" 1557
"../../../Engine/Plugins/Runtime/HairStrands/Content/Materials/HairDebugMaterial.uasset" 1558
"../../../Engine/Plugins/Runtime/HairStrands/Content/Materials/HairDebugMaterial.uexp" 1559
"../../../Engine/Plugins/Runtime/HairStrands/Content/Materials/HairCardsDefaultMaterial.uasset" 1560
"../../../Engine/Plugins/Runtime/HairStrands/Content/Materials/HairCardsDefaultMaterial.uexp" 1561
"../../../Engine/Plugins/Runtime/AudioWidgets/Content/Resources/ScrubHandleDown_Clamped.uasset" 1562
"../../../Engine/Plugins/Runtime/AudioWidgets/Content/Resources/ScrubHandleDown_Clamped.uexp" 1563
"../../../Engine/Plugins/Interchange/Assets/Content/Functions/MX_UsdPreviewSurface.uasset" 1564
"../../../Engine/Plugins/Interchange/Assets/Content/Functions/MX_UsdPreviewSurface.uexp" 1565
"../../../Engine/Plugins/Interchange/Assets/Content/Functions/MX_UniformEDF.uasset" 1566
"../../../Engine/Plugins/Interchange/Assets/Content/Functions/MX_UniformEDF.uexp" 1567
"../../../Engine/Plugins/Interchange/Assets/Content/Functions/MX_TranslucentBSDF.uasset" 1568
"../../../Engine/Plugins/Interchange/Assets/Content/Functions/MX_TranslucentBSDF.uexp" 1569
"../../../Engine/Plugins/Interchange/Assets/Content/Functions/MX_ThinFilmBSDF.uasset" 1570
"../../../Engine/Plugins/Interchange/Assets/Content/Functions/MX_ThinFilmBSDF.uexp" 1571
"../../../Engine/Plugins/Interchange/Assets/Content/Functions/MX_SurfaceUnlit.uasset" 1572
"../../../Engine/Plugins/Interchange/Assets/Content/Functions/MX_SurfaceUnlit.uexp" 1573
"../../../Engine/Plugins/Interchange/Assets/Content/Functions/MX_Surface.uasset" 1574
"../../../Engine/Plugins/Interchange/Assets/Content/Functions/MX_Surface.uexp" 1575
"../../../Engine/Plugins/Interchange/Assets/Content/Functions/MX_SubsurfaceBSDF.uasset" 1576
"../../../Engine/Plugins/Interchange/Assets/Content/Functions/MX_SubsurfaceBSDF.uexp" 1577
"../../../Engine/Plugins/Interchange/Assets/Content/Functions/MX_SheenBSDF.uasset" 1578
"../../../Engine/Plugins/Interchange/Assets/Content/Functions/MX_SheenBSDF.uexp" 1579
"../../../Engine/Plugins/Interchange/Assets/Content/Functions/MX_OrenNayarBSDF.uasset" 1580
"../../../Engine/Plugins/Interchange/Assets/Content/Functions/MX_OrenNayarBSDF.uexp" 1581
"../../../Engine/Plugins/Interchange/Assets/Content/Functions/MF_IridescenceNoLUT.uasset" 1582
"../../../Engine/Plugins/Interchange/Assets/Content/Functions/MF_IridescenceNoLUT.uexp" 1583
"../../../Engine/Plugins/Interchange/Assets/Content/Functions/MX_StandardSurface.uasset" 1584
"../../../Engine/Plugins/Interchange/Assets/Content/Functions/MX_StandardSurface.uexp" 1585
"../../../Engine/Plugins/Interchange/Assets/Content/Functions/MX_TransmissionSurface.uasset" 1586
"../../../Engine/Plugins/Interchange/Assets/Content/Functions/MX_TransmissionSurface.uexp" 1587
"../../../Engine/Plugins/Interchange/Assets/Content/Functions/MX_OpenPBR_Translucent.uasset" 1588
"../../../Engine/Plugins/Interchange/Assets/Content/Functions/MX_OpenPBR_Translucent.uexp" 1589
"../../../Engine/Plugins/Interchange/Assets/Content/Functions/MX_OpenPBR_Opaque.uasset" 1590
"../../../Engine/Plugins/Interchange/Assets/Content/Functions/MX_OpenPBR_Opaque.uexp" 1591
"../../../Engine/Plugins/Interchange/Assets/Content/Functions/MX_MeasuredEDF.uasset" 1592
"../../../Engine/Plugins/Interchange/Assets/Content/Functions/MX_MeasuredEDF.uexp" 1593
"../../../Engine/Plugins/Interchange/Assets/Content/Functions/MX_GeneralizedSchlickBSDF.uasset" 1594
"../../../Engine/Plugins/Interchange/Assets/Content/Functions/MX_GeneralizedSchlickBSDF.uexp" 1595
"../../../Engine/Plugins/Interchange/Assets/Content/Functions/MX_Displacement.uasset" 1596
"../../../Engine/Plugins/Interchange/Assets/Content/Functions/MX_Displacement.uexp" 1597
"../../../Engine/Plugins/Interchange/Assets/Content/Functions/MX_DielectricBSDF.uasset" 1598
"../../../Engine/Plugins/Interchange/Assets/Content/Functions/MX_DielectricBSDF.uexp" 1599
"../../../Engine/Plugins/Interchange/Assets/Content/Functions/MX_ConicalEDF.uasset" 1600
"../../../Engine/Plugins/Interchange/Assets/Content/Functions/MX_ConicalEDF.uexp" 1601
"../../../Engine/Plugins/Interchange/Assets/Content/Functions/MX_ConductorBSDF.uasset" 1602
"../../../Engine/Plugins/Interchange/Assets/Content/Functions/MX_ConductorBSDF.uexp" 1603
"../../../Engine/Plugins/Interchange/Assets/Content/Functions/MX_BurleyDiffuseBSDF.uasset" 1604
"../../../Engine/Plugins/Interchange/Assets/Content/Functions/MX_BurleyDiffuseBSDF.uexp" 1605
"../../../Engine/Plugins/Interchange/Assets/Content/Functions/MX_AnisotropicVDF.uasset" 1606
"../../../Engine/Plugins/Interchange/Assets/Content/Functions/MX_AnisotropicVDF.uexp" 1607
"../../../Engine/Plugins/Interchange/Assets/Content/Functions/MX_AbsorptionVDF.uasset" 1608
"../../../Engine/Plugins/Interchange/Assets/Content/Functions/MX_AbsorptionVDF.uexp" 1609
"../../../Engine/Content/Functions/Engine_MaterialFunctions02/Utility/VectorLength.uasset" 1610
"../../../Engine/Content/Functions/Engine_MaterialFunctions02/Utility/VectorLength.uexp" 1611
"../../../Engine/Content/Functions/Engine_MaterialFunctions02/Utility/BreakOutFloat3Components.uasset" 1612
"../../../Engine/Content/Functions/Engine_MaterialFunctions02/Utility/BreakOutFloat3Components.uexp" 1613
"../../../Engine/Content/Functions/Engine_MaterialFunctions02/WorldPositionOffset/ObjectScale.uasset" 1614
"../../../Engine/Content/Functions/Engine_MaterialFunctions02/WorldPositionOffset/ObjectScale.uexp" 1615
"../../../Engine/Content/Functions/Engine_MaterialFunctions02/SafeNormalize.uasset" 1616
"../../../Engine/Content/Functions/Engine_MaterialFunctions02/SafeNormalize.uexp" 1617
"../../../Engine/Plugins/Editor/SpeedTreeImporter/Content/SpeedTree9/UnpackInteger3.uasset" 1618
"../../../Engine/Plugins/Editor/SpeedTreeImporter/Content/SpeedTree9/UnpackInteger3.uexp" 1619
"../../../Engine/Plugins/Editor/SpeedTreeImporter/Content/SpeedTree9/UnpackDirection.uasset" 1620
"../../../Engine/Plugins/Editor/SpeedTreeImporter/Content/SpeedTree9/UnpackDirection.uexp" 1621
"../../../Engine/Plugins/Editor/SpeedTreeImporter/Content/SpeedTree9/game_wind_noise.ubulk" 1622
"../../../Engine/Plugins/Editor/SpeedTreeImporter/Content/SpeedTree9/game_wind_noise.uasset" 1623
"../../../Engine/Plugins/Editor/SpeedTreeImporter/Content/SpeedTree9/game_wind_noise.uexp" 1624
"../../../Engine/Plugins/Editor/SpeedTreeImporter/Content/SpeedTree9/SpeedTreeWindMotion.uasset" 1625
"../../../Engine/Plugins/Editor/SpeedTreeImporter/Content/SpeedTree9/SpeedTreeWindMotion.uexp" 1626
"../../../Engine/Plugins/Editor/SpeedTreeImporter/Content/SpeedTree9/SpeedTreeBranchMotion.uasset" 1627
"../../../Engine/Plugins/Editor/SpeedTreeImporter/Content/SpeedTree9/SpeedTreeBranchMotion.uexp" 1628
"../../../Engine/Content/Functions/Engine_MaterialFunctions02/ObjectLocalBounds.uasset" 1629
"../../../Engine/Content/Functions/Engine_MaterialFunctions02/ObjectLocalBounds.uexp" 1630
"../../../Engine/Content/Functions/Engine_MaterialFunctions02/UVs/BoundingBoxBased_0-1_UVW.uasset" 1631
"../../../Engine/Content/Functions/Engine_MaterialFunctions02/UVs/BoundingBoxBased_0-1_UVW.uexp" 1632
"../../../Engine/Plugins/Editor/SpeedTreeImporter/Content/SpeedTree9/SpeedTreeWind.uasset" 1633
"../../../Engine/Plugins/Editor/SpeedTreeImporter/Content/SpeedTree9/SpeedTreeWind.uexp" 1634
"../../../Engine/Plugins/Editor/SpeedTreeImporter/Content/SpeedTree9/SpeedTreeCameraFacing.uasset" 1635
"../../../Engine/Plugins/Editor/SpeedTreeImporter/Content/SpeedTree9/SpeedTreeCameraFacing.uexp" 1636
"../../../Engine/Plugins/Editor/SpeedTreeImporter/Content/SpeedTree9/Empty.uasset" 1637
"../../../Engine/Plugins/Editor/SpeedTreeImporter/Content/SpeedTree9/Empty.uexp" 1638
"../../../Engine/Plugins/Editor/SpeedTreeImporter/Content/SpeedTree9/EmptyNormal.uasset" 1639
"../../../Engine/Plugins/Editor/SpeedTreeImporter/Content/SpeedTree9/EmptyNormal.uexp" 1640
"../../../Engine/Plugins/Editor/SpeedTreeImporter/Content/SpeedTree9/SpeedTreeMaster.uasset" 1641
"../../../Engine/Plugins/Editor/SpeedTreeImporter/Content/SpeedTree9/SpeedTreeMaster.uexp" 1642
"../../../Engine/Plugins/Editor/SpeedTreeImporter/Content/SpeedTree9/SpeedTreeBillboard.uasset" 1643
"../../../Engine/Plugins/Editor/SpeedTreeImporter/Content/SpeedTree9/SpeedTreeBillboard.uexp" 1644
"../../../Engine/Plugins/Editor/SpeedTreeImporter/Content/SpeedTree9/SpeedTreeBillboardMaster.uasset" 1645
"../../../Engine/Plugins/Editor/SpeedTreeImporter/Content/SpeedTree9/SpeedTreeBillboardMaster.uexp" 1646
"../../../Engine/Plugins/Animation/ControlRig/Content/Controls/ControlRig_Wedge_solid.ubulk" 1647
"../../../Engine/Plugins/Animation/ControlRig/Content/Controls/ControlRig_Wedge_solid.uasset" 1648
"../../../Engine/Plugins/Animation/ControlRig/Content/Controls/ControlRig_Wedge_solid.uexp" 1649
"../../../Engine/Plugins/Animation/ControlRig/Content/Controls/ControlRig_Wedge_3mm.ubulk" 1650
"../../../Engine/Plugins/Animation/ControlRig/Content/Controls/ControlRig_Wedge_3mm.uasset" 1651
"../../../Engine/Plugins/Animation/ControlRig/Content/Controls/ControlRig_Wedge_3mm.uexp" 1652
"../../../Engine/Plugins/Animation/ControlRig/Content/Controls/ControlRig_Wedge_1mm.ubulk" 1653
"../../../Engine/Plugins/Animation/ControlRig/Content/Controls/ControlRig_Wedge_1mm.uasset" 1654
"../../../Engine/Plugins/Animation/ControlRig/Content/Controls/ControlRig_Wedge_1mm.uexp" 1655
"../../../Engine/Plugins/Animation/ControlRig/Content/Controls/ControlRig_Triangle_solid.ubulk" 1656
"../../../Engine/Plugins/Animation/ControlRig/Content/Controls/ControlRig_Triangle_solid.uasset" 1657
"../../../Engine/Plugins/Animation/ControlRig/Content/Controls/ControlRig_Triangle_solid.uexp" 1658
"../../../Engine/Plugins/Animation/ControlRig/Content/Controls/ControlRig_Triangle_3mm.ubulk" 1659
"../../../Engine/Plugins/Animation/ControlRig/Content/Controls/ControlRig_Triangle_3mm.uasset" 1660
"../../../Engine/Plugins/Animation/ControlRig/Content/Controls/ControlRig_Triangle_3mm.uexp" 1661
"../../../Engine/Plugins/Animation/ControlRig/Content/Controls/ControlRig_Triangle_1mm.ubulk" 1662
"../../../Engine/Plugins/Animation/ControlRig/Content/Controls/ControlRig_Triangle_1mm.uasset" 1663
"../../../Engine/Plugins/Animation/ControlRig/Content/Controls/ControlRig_Triangle_1mm.uexp" 1664
"../../../Engine/Plugins/Animation/ControlRig/Content/Controls/ControlRig_Star4_solid.ubulk" 1665
"../../../Engine/Plugins/Animation/ControlRig/Content/Controls/ControlRig_Star4_solid.uasset" 1666
"../../../Engine/Plugins/Animation/ControlRig/Content/Controls/ControlRig_Star4_solid.uexp" 1667
"../../../Engine/Plugins/Animation/ControlRig/Content/Controls/ControlRig_Star4_3mm.ubulk" 1668
"../../../Engine/Plugins/Animation/ControlRig/Content/Controls/ControlRig_Star4_3mm.uasset" 1669
"../../../Engine/Plugins/Animation/ControlRig/Content/Controls/ControlRig_Star4_3mm.uexp" 1670
"../../../Engine/Plugins/Animation/ControlRig/Content/Controls/ControlRig_Star4_1mm.ubulk" 1671
"../../../Engine/Plugins/Animation/ControlRig/Content/Controls/ControlRig_Star4_1mm.uasset" 1672
"../../../Engine/Plugins/Animation/ControlRig/Content/Controls/ControlRig_Star4_1mm.uexp" 1673
"../../../Engine/Plugins/Animation/ControlRig/Content/Controls/ControlRig_Square_solid.ubulk" 1674
"../../../Engine/Plugins/Animation/ControlRig/Content/Controls/ControlRig_Square_solid.uasset" 1675
"../../../Engine/Plugins/Animation/ControlRig/Content/Controls/ControlRig_Square_solid.uexp" 1676
"../../../Engine/Plugins/Animation/ControlRig/Content/Controls/ControlRig_Square_3mm.ubulk" 1677
"../../../Engine/Plugins/Animation/ControlRig/Content/Controls/ControlRig_Square_3mm.uasset" 1678
"../../../Engine/Plugins/Animation/ControlRig/Content/Controls/ControlRig_Square_3mm.uexp" 1679
"../../../Engine/Plugins/Animation/ControlRig/Content/Controls/ControlRig_Square_1mm.ubulk" 1680
"../../../Engine/Plugins/Animation/ControlRig/Content/Controls/ControlRig_Square_1mm.uasset" 1681
"../../../Engine/Plugins/Animation/ControlRig/Content/Controls/ControlRig_Square_1mm.uexp" 1682
"../../../Engine/Plugins/Animation/ControlRig/Content/Controls/ControlRig_Sphere_solid.ubulk" 1683
"../../../Engine/Plugins/Animation/ControlRig/Content/Controls/ControlRig_Sphere_solid.uasset" 1684
"../../../Engine/Plugins/Animation/ControlRig/Content/Controls/ControlRig_Sphere_solid.uexp" 1685
"../../../Engine/Plugins/Animation/ControlRig/Content/Controls/ControlRig_Sphere_3mm.ubulk" 1686
"../../../Engine/Plugins/Animation/ControlRig/Content/Controls/ControlRig_Sphere_3mm.uasset" 1687
"../../../Engine/Plugins/Animation/ControlRig/Content/Controls/ControlRig_Sphere_3mm.uexp" 1688
"../../../Engine/Plugins/Animation/ControlRig/Content/Controls/ControlRig_Sphere_1mm.ubulk" 1689
"../../../Engine/Plugins/Animation/ControlRig/Content/Controls/ControlRig_Sphere_1mm.uasset" 1690
"../../../Engine/Plugins/Animation/ControlRig/Content/Controls/ControlRig_Sphere_1mm.uexp" 1691
"../../../Engine/Plugins/Animation/ControlRig/Content/Controls/ControlRig_RoundedTriangle_solid.ubulk" 1692
"../../../Engine/Plugins/Animation/ControlRig/Content/Controls/ControlRig_RoundedTriangle_solid.uasset" 1693
"../../../Engine/Plugins/Animation/ControlRig/Content/Controls/ControlRig_RoundedTriangle_solid.uexp" 1694
"../../../Engine/Plugins/Animation/ControlRig/Content/Controls/ControlRig_RoundedTriangle_3mm.ubulk" 1695
"../../../Engine/Plugins/Animation/ControlRig/Content/Controls/ControlRig_RoundedTriangle_3mm.uasset" 1696
"../../../Engine/Plugins/Animation/ControlRig/Content/Controls/ControlRig_RoundedTriangle_3mm.uexp" 1697
"../../../Engine/Plugins/Animation/ControlRig/Content/Controls/ControlRig_RoundedTriangle_1mm.ubulk" 1698
"../../../Engine/Plugins/Animation/ControlRig/Content/Controls/ControlRig_RoundedTriangle_1mm.uasset" 1699
"../../../Engine/Plugins/Animation/ControlRig/Content/Controls/ControlRig_RoundedTriangle_1mm.uexp" 1700
"../../../Engine/Plugins/Animation/ControlRig/Content/Controls/ControlRig_RoundedSquare_solid.ubulk" 1701
"../../../Engine/Plugins/Animation/ControlRig/Content/Controls/ControlRig_RoundedSquare_solid.uasset" 1702
"../../../Engine/Plugins/Animation/ControlRig/Content/Controls/ControlRig_RoundedSquare_solid.uexp" 1703
"../../../Engine/Plugins/Animation/ControlRig/Content/Controls/ControlRig_RoundedSquare_3mm.ubulk" 1704
"../../../Engine/Plugins/Animation/ControlRig/Content/Controls/ControlRig_RoundedSquare_3mm.uasset" 1705
"../../../Engine/Plugins/Animation/ControlRig/Content/Controls/ControlRig_RoundedSquare_3mm.uexp" 1706
"../../../Engine/Plugins/Animation/ControlRig/Content/Controls/ControlRig_RoundedSquare_1mm.ubulk" 1707
"../../../Engine/Plugins/Animation/ControlRig/Content/Controls/ControlRig_RoundedSquare_1mm.uasset" 1708
"../../../Engine/Plugins/Animation/ControlRig/Content/Controls/ControlRig_RoundedSquare_1mm.uexp" 1709
"../../../Engine/Plugins/Animation/ControlRig/Content/Controls/ControlRig_QuarterCircle_solid.ubulk" 1710
"../../../Engine/Plugins/Animation/ControlRig/Content/Controls/ControlRig_QuarterCircle_solid.uasset" 1711
"../../../Engine/Plugins/Animation/ControlRig/Content/Controls/ControlRig_QuarterCircle_solid.uexp" 1712
"../../../Engine/Plugins/Animation/ControlRig/Content/Controls/ControlRig_QuarterCircle_3mm.ubulk" 1713
"../../../Engine/Plugins/Animation/ControlRig/Content/Controls/ControlRig_QuarterCircle_3mm.uasset" 1714
"../../../Engine/Plugins/Animation/ControlRig/Content/Controls/ControlRig_QuarterCircle_3mm.uexp" 1715
"../../../Engine/Plugins/Animation/ControlRig/Content/Controls/ControlRig_QuarterCircle_1mm.ubulk" 1716
"../../../Engine/Plugins/Animation/ControlRig/Content/Controls/ControlRig_QuarterCircle_1mm.uasset" 1717
"../../../Engine/Plugins/Animation/ControlRig/Content/Controls/ControlRig_QuarterCircle_1mm.uexp" 1718
"../../../Engine/Plugins/Animation/ControlRig/Content/Controls/ControlRig_Pyramid_solid.ubulk" 1719
"../../../Engine/Plugins/Animation/ControlRig/Content/Controls/ControlRig_Pyramid_solid.uasset" 1720
"../../../Engine/Plugins/Animation/ControlRig/Content/Controls/ControlRig_Pyramid_solid.uexp" 1721
"../../../Engine/Plugins/Animation/ControlRig/Content/Controls/ControlRig_Pyramid_3mm.ubulk" 1722
"../../../Engine/Plugins/Animation/ControlRig/Content/Controls/ControlRig_Pyramid_3mm.uasset" 1723
"../../../Engine/Plugins/Animation/ControlRig/Content/Controls/ControlRig_Pyramid_3mm.uexp" 1724
"../../../Engine/Plugins/Animation/ControlRig/Content/Controls/ControlRig_Pyramid_1mm.ubulk" 1725
"../../../Engine/Plugins/Animation/ControlRig/Content/Controls/ControlRig_Pyramid_1mm.uasset" 1726
"../../../Engine/Plugins/Animation/ControlRig/Content/Controls/ControlRig_Pyramid_1mm.uexp" 1727
"../../../Engine/Plugins/Animation/ControlRig/Content/Controls/ControlRig_Octagon_solid.ubulk" 1728
"../../../Engine/Plugins/Animation/ControlRig/Content/Controls/ControlRig_Octagon_solid.uasset" 1729
"../../../Engine/Plugins/Animation/ControlRig/Content/Controls/ControlRig_Octagon_solid.uexp" 1730
"../../../Engine/Plugins/Animation/ControlRig/Content/Controls/ControlRig_Octagon_3mm.ubulk" 1731
"../../../Engine/Plugins/Animation/ControlRig/Content/Controls/ControlRig_Octagon_3mm.uasset" 1732
"../../../Engine/Plugins/Animation/ControlRig/Content/Controls/ControlRig_Octagon_3mm.uexp" 1733
"../../../Engine/Plugins/Animation/ControlRig/Content/Controls/ControlRig_Octagon_1mm.ubulk" 1734
"../../../Engine/Plugins/Animation/ControlRig/Content/Controls/ControlRig_Octagon_1mm.uasset" 1735
"../../../Engine/Plugins/Animation/ControlRig/Content/Controls/ControlRig_Octagon_1mm.uexp" 1736
"../../../Engine/Plugins/Animation/ControlRig/Content/Controls/ControlRig_Hexagon_solid.ubulk" 1737
"../../../Engine/Plugins/Animation/ControlRig/Content/Controls/ControlRig_Hexagon_solid.uasset" 1738
"../../../Engine/Plugins/Animation/ControlRig/Content/Controls/ControlRig_Hexagon_solid.uexp" 1739
"../../../Engine/Plugins/Animation/ControlRig/Content/Controls/ControlRig_Hexagon_3mm.ubulk" 1740
"../../../Engine/Plugins/Animation/ControlRig/Content/Controls/ControlRig_Hexagon_3mm.uasset" 1741
"../../../Engine/Plugins/Animation/ControlRig/Content/Controls/ControlRig_Hexagon_3mm.uexp" 1742
"../../../Engine/Plugins/Animation/ControlRig/Content/Controls/ControlRig_Hexagon_1mm.ubulk" 1743
"../../../Engine/Plugins/Animation/ControlRig/Content/Controls/ControlRig_Hexagon_1mm.uasset" 1744
"../../../Engine/Plugins/Animation/ControlRig/Content/Controls/ControlRig_Hexagon_1mm.uexp" 1745
"../../../Engine/Plugins/Animation/ControlRig/Content/Controls/ControlRig_HalfCircle_solid.ubulk" 1746
"../../../Engine/Plugins/Animation/ControlRig/Content/Controls/ControlRig_HalfCircle_solid.uasset" 1747
"../../../Engine/Plugins/Animation/ControlRig/Content/Controls/ControlRig_HalfCircle_solid.uexp" 1748
"../../../Engine/Plugins/Animation/ControlRig/Content/Controls/ControlRig_HalfCircle_3mm.ubulk" 1749
"../../../Engine/Plugins/Animation/ControlRig/Content/Controls/ControlRig_HalfCircle_3mm.uasset" 1750
"../../../Engine/Plugins/Animation/ControlRig/Content/Controls/ControlRig_HalfCircle_3mm.uexp" 1751
"../../../Engine/Plugins/Animation/ControlRig/Content/Controls/ControlRig_HalfCircle_1mm.ubulk" 1752
"../../../Engine/Plugins/Animation/ControlRig/Content/Controls/ControlRig_HalfCircle_1mm.uasset" 1753
"../../../Engine/Plugins/Animation/ControlRig/Content/Controls/ControlRig_HalfCircle_1mm.uexp" 1754
"../../../Engine/Plugins/Animation/ControlRig/Content/Controls/ControlRig_Diamond_solid.ubulk" 1755
"../../../Engine/Plugins/Animation/ControlRig/Content/Controls/ControlRig_Diamond_solid.uasset" 1756
"../../../Engine/Plugins/Animation/ControlRig/Content/Controls/ControlRig_Diamond_solid.uexp" 1757
"../../../Engine/Plugins/Animation/ControlRig/Content/Controls/ControlRig_Diamond_3mm.ubulk" 1758
"../../../Engine/Plugins/Animation/ControlRig/Content/Controls/ControlRig_Diamond_3mm.uasset" 1759
"../../../Engine/Plugins/Animation/ControlRig/Content/Controls/ControlRig_Diamond_3mm.uexp" 1760
"../../../Engine/Plugins/Animation/ControlRig/Content/Controls/ControlRig_Diamond_1mm.ubulk" 1761
"../../../Engine/Plugins/Animation/ControlRig/Content/Controls/ControlRig_Diamond_1mm.uasset" 1762
"../../../Engine/Plugins/Animation/ControlRig/Content/Controls/ControlRig_Diamond_1mm.uexp" 1763
"../../../Engine/Plugins/Animation/ControlRig/Content/Controls/ControlRig_Circle_solid.ubulk" 1764
"../../../Engine/Plugins/Animation/ControlRig/Content/Controls/ControlRig_Circle_solid.uasset" 1765
"../../../Engine/Plugins/Animation/ControlRig/Content/Controls/ControlRig_Circle_solid.uexp" 1766
"../../../Engine/Plugins/Animation/ControlRig/Content/Controls/ControlRig_Circle_3mm.ubulk" 1767
"../../../Engine/Plugins/Animation/ControlRig/Content/Controls/ControlRig_Circle_3mm.uasset" 1768
"../../../Engine/Plugins/Animation/ControlRig/Content/Controls/ControlRig_Circle_3mm.uexp" 1769
"../../../Engine/Plugins/Animation/ControlRig/Content/Controls/ControlRig_Circle_1mm.ubulk" 1770
"../../../Engine/Plugins/Animation/ControlRig/Content/Controls/ControlRig_Circle_1mm.uasset" 1771
"../../../Engine/Plugins/Animation/ControlRig/Content/Controls/ControlRig_Circle_1mm.uexp" 1772
"../../../Engine/Plugins/Animation/ControlRig/Content/Controls/ControlRig_Box_solid.ubulk" 1773
"../../../Engine/Plugins/Animation/ControlRig/Content/Controls/ControlRig_Box_solid.uasset" 1774
"../../../Engine/Plugins/Animation/ControlRig/Content/Controls/ControlRig_Box_solid.uexp" 1775
"../../../Engine/Plugins/Animation/ControlRig/Content/Controls/ControlRig_Box_3mm.ubulk" 1776
"../../../Engine/Plugins/Animation/ControlRig/Content/Controls/ControlRig_Box_3mm.uasset" 1777
"../../../Engine/Plugins/Animation/ControlRig/Content/Controls/ControlRig_Box_3mm.uexp" 1778
"../../../Engine/Plugins/Animation/ControlRig/Content/Controls/ControlRig_Box_1mm.ubulk" 1779
"../../../Engine/Plugins/Animation/ControlRig/Content/Controls/ControlRig_Box_1mm.uasset" 1780
"../../../Engine/Plugins/Animation/ControlRig/Content/Controls/ControlRig_Box_1mm.uexp" 1781
"../../../Engine/Plugins/Animation/ControlRig/Content/Controls/ControlRig_Arrow_solid.ubulk" 1782
"../../../Engine/Plugins/Animation/ControlRig/Content/Controls/ControlRig_Arrow_solid.uasset" 1783
"../../../Engine/Plugins/Animation/ControlRig/Content/Controls/ControlRig_Arrow_solid.uexp" 1784
"../../../Engine/Plugins/Animation/ControlRig/Content/Controls/ControlRig_Arrow_3mm.ubulk" 1785
"../../../Engine/Plugins/Animation/ControlRig/Content/Controls/ControlRig_Arrow_3mm.uasset" 1786
"../../../Engine/Plugins/Animation/ControlRig/Content/Controls/ControlRig_Arrow_3mm.uexp" 1787
"../../../Engine/Plugins/Animation/ControlRig/Content/Controls/ControlRig_Arrow_1mm.ubulk" 1788
"../../../Engine/Plugins/Animation/ControlRig/Content/Controls/ControlRig_Arrow_1mm.uasset" 1789
"../../../Engine/Plugins/Animation/ControlRig/Content/Controls/ControlRig_Arrow_1mm.uexp" 1790
"../../../Engine/Plugins/Animation/ControlRig/Content/Controls/ControlRig_Arrow4_solid.ubulk" 1791
"../../../Engine/Plugins/Animation/ControlRig/Content/Controls/ControlRig_Arrow4_solid.uasset" 1792
"../../../Engine/Plugins/Animation/ControlRig/Content/Controls/ControlRig_Arrow4_solid.uexp" 1793
"../../../Engine/Plugins/Animation/ControlRig/Content/Controls/ControlRig_Arrow4_3mm.ubulk" 1794
"../../../Engine/Plugins/Animation/ControlRig/Content/Controls/ControlRig_Arrow4_3mm.uasset" 1795
"../../../Engine/Plugins/Animation/ControlRig/Content/Controls/ControlRig_Arrow4_3mm.uexp" 1796
"../../../Engine/Plugins/Animation/ControlRig/Content/Controls/ControlRig_Arrow4_1mm.ubulk" 1797
"../../../Engine/Plugins/Animation/ControlRig/Content/Controls/ControlRig_Arrow4_1mm.uasset" 1798
"../../../Engine/Plugins/Animation/ControlRig/Content/Controls/ControlRig_Arrow4_1mm.uexp" 1799
"../../../Engine/Plugins/Animation/ControlRig/Content/Controls/ControlRig_Arrow2_solid.ubulk" 1800
"../../../Engine/Plugins/Animation/ControlRig/Content/Controls/ControlRig_Arrow2_solid.uasset" 1801
"../../../Engine/Plugins/Animation/ControlRig/Content/Controls/ControlRig_Arrow2_solid.uexp" 1802
"../../../Engine/Plugins/Animation/ControlRig/Content/Controls/ControlRig_Arrow2_3mm.ubulk" 1803
"../../../Engine/Plugins/Animation/ControlRig/Content/Controls/ControlRig_Arrow2_3mm.uasset" 1804
"../../../Engine/Plugins/Animation/ControlRig/Content/Controls/ControlRig_Arrow2_3mm.uexp" 1805
"../../../Engine/Plugins/Animation/ControlRig/Content/Controls/ControlRig_Arrow2_1mm.ubulk" 1806
"../../../Engine/Plugins/Animation/ControlRig/Content/Controls/ControlRig_Arrow2_1mm.uasset" 1807
"../../../Engine/Plugins/Animation/ControlRig/Content/Controls/ControlRig_Arrow2_1mm.uexp" 1808
"../../../Engine/Plugins/Animation/ControlRig/Content/Controls/ControlRigXRayMaterial.uasset" 1809
"../../../Engine/Plugins/Animation/ControlRig/Content/Controls/ControlRigXRayMaterial.uexp" 1810
"../../../Engine/Plugins/Animation/ControlRig/Content/Controls/ControlRigGizmoMaterial.uasset" 1811
"../../../Engine/Plugins/Animation/ControlRig/Content/Controls/ControlRigGizmoMaterial.uexp" 1812
"../../../Engine/Content/EditorMaterials/Camera/CineMat.uasset" 1813
"../../../Engine/Content/EditorMaterials/Camera/CineMat.uexp" 1814
"../../../Engine/Content/EditorMaterials/Camera/MI_CineMat_Rig.uasset" 1815
"../../../Engine/Content/EditorMaterials/Camera/MI_CineMat_Rig.uexp" 1816
"../../../Engine/Content/EditorMeshes/Camera/SM_RailRig_Track.ubulk" 1817
"../../../Engine/Content/EditorMeshes/Camera/SM_RailRig_Track.uasset" 1818
"../../../Engine/Content/EditorMeshes/Camera/SM_RailRig_Track.uexp" 1819
"../../../Engine/Content/EditorMeshes/Camera/SM_RailRig_Mount.ubulk" 1820
"../../../Engine/Content/EditorMeshes/Camera/SM_RailRig_Mount.uasset" 1821
"../../../Engine/Content/EditorMeshes/Camera/SM_RailRig_Mount.uexp" 1822
"../../../Engine/Content/EditorMeshes/Camera/SM_CraneRig_Mount.ubulk" 1823
"../../../Engine/Content/EditorMeshes/Camera/SM_CraneRig_Mount.uasset" 1824
"../../../Engine/Content/EditorMeshes/Camera/SM_CraneRig_Mount.uexp" 1825
"../../../Engine/Content/EditorMeshes/Camera/SM_CraneRig_Body.ubulk" 1826
"../../../Engine/Content/EditorMeshes/Camera/SM_CraneRig_Body.uasset" 1827
"../../../Engine/Content/EditorMeshes/Camera/SM_CraneRig_Body.uexp" 1828
"../../../Engine/Content/EditorMeshes/Camera/SM_CraneRig_Base.ubulk" 1829
"../../../Engine/Content/EditorMeshes/Camera/SM_CraneRig_Base.uasset" 1830
"../../../Engine/Content/EditorMeshes/Camera/SM_CraneRig_Base.uexp" 1831
"../../../Engine/Content/EditorMeshes/Camera/SM_CraneRig_Arm.ubulk" 1832
"../../../Engine/Content/EditorMeshes/Camera/SM_CraneRig_Arm.uasset" 1833
"../../../Engine/Content/EditorMeshes/Camera/SM_CraneRig_Arm.uexp" 1834
"../../../Engine/Content/EditorMaterials/ParticleSystems/PSysThumbnail_OOD.ubulk" 1835
"../../../Engine/Content/EditorMaterials/ParticleSystems/PSysThumbnail_OOD.uasset" 1836
"../../../Engine/Content/EditorMaterials/ParticleSystems/PSysThumbnail_OOD.uexp" 1837
"../../../Engine/Content/EditorMaterials/ParticleSystems/PSysThumbnail_NoImage.ubulk" 1838
"../../../Engine/Content/EditorMaterials/ParticleSystems/PSysThumbnail_NoImage.uasset" 1839
"../../../Engine/Content/EditorMaterials/ParticleSystems/PSysThumbnail_NoImage.uexp" 1840
"../../../Engine/Content/EditorMaterials/Dataflow/DataflowVertexMaterial.uasset" 1841
"../../../Engine/Content/EditorMaterials/Dataflow/DataflowVertexMaterial.uexp" 1842
"../../../Engine/Content/EditorMaterials/Dataflow/DataflowTwoSidedVertexMaterial.uasset" 1843
"../../../Engine/Content/EditorMaterials/Dataflow/DataflowTwoSidedVertexMaterial.uexp" 1844
"../../../Engine/Content/EngineResources/FilmGrains/Marcie_Grain_v3_128_M2_000.uasset" 1845
"../../../Engine/Content/EngineResources/FilmGrains/Marcie_Grain_v3_128_M2_000.uexp" 1846
"../../../Engine/Content/EngineResources/Development/ZenLogo_64.uasset" 1847
"../../../Engine/Content/EngineResources/Development/ZenLogo_64.uexp" 1848
"../../../Engine/Content/EngineMaterials/LTC/Sheen_LTC.uasset" 1849
"../../../Engine/Content/EngineMaterials/LTC/Sheen_LTC.uexp" 1850
"../../../Engine/Content/EngineMaterials/LTC/GGX_LTCMat.uasset" 1851
"../../../Engine/Content/EngineMaterials/LTC/GGX_LTCMat.uexp" 1852
"../../../Engine/Content/EngineMaterials/LTC/GGX_LTCAmp.uasset" 1853
"../../../Engine/Content/EngineMaterials/LTC/GGX_LTCAmp.uexp" 1854
"../../../Engine/Content/EngineMaterials/EnergyConservation/Sheen_Energy.uasset" 1855
"../../../Engine/Content/EngineMaterials/EnergyConservation/Sheen_Energy.uexp" 1856
"../../../Engine/Content/EngineMaterials/EnergyConservation/SheenLegacy_Energy.uasset" 1857
"../../../Engine/Content/EngineMaterials/EnergyConservation/SheenLegacy_Energy.uexp" 1858
"../../../Engine/Content/EngineMaterials/EnergyConservation/GGX_TransmissionEnergyArray.uasset" 1859
"../../../Engine/Content/EngineMaterials/EnergyConservation/GGX_TransmissionEnergyArray.uexp" 1860
"../../../Engine/Content/EngineMaterials/EnergyConservation/GGX_ReflectionEnergy.uasset" 1861
"../../../Engine/Content/EngineMaterials/EnergyConservation/GGX_ReflectionEnergy.uexp" 1862
"../../../Engine/Content/EngineMaterials/EnergyConservation/Diffuse_Energy.uasset" 1863
"../../../Engine/Content/EngineMaterials/EnergyConservation/Diffuse_Energy.uexp" 1864
"../../../Engine/Content/EditorResources/SequenceRecorder/RecordingIndicator.uasset" 1865
"../../../Engine/Content/EditorResources/SequenceRecorder/RecordingIndicator.uexp" 1866
"../../../Engine/Content/EditorResources/SequenceRecorder/Countdown.uasset" 1867
"../../../Engine/Content/EditorResources/SequenceRecorder/Countdown.uexp" 1868
"../../../Engine/Content/VREditor/TransformGizmo/Xray.uasset" 1869
"../../../Engine/Content/VREditor/TransformGizmo/Xray.uexp" 1870
"../../../Engine/Content/VREditor/TransformGizmo/Main.uasset" 1871
"../../../Engine/Content/VREditor/TransformGizmo/Main.uexp" 1872
"../../../Engine/Content/VREditor/TransformGizmo/SM_Sequencer_Node.ubulk" 1873
"../../../Engine/Content/VREditor/TransformGizmo/SM_Sequencer_Node.uasset" 1874
"../../../Engine/Content/VREditor/TransformGizmo/SM_Sequencer_Node.uexp" 1875
"../../../Engine/Content/VREditor/TransformGizmo/TranslucentTransformGizmoMaterial.uasset" 1876
"../../../Engine/Content/VREditor/TransformGizmo/TranslucentTransformGizmoMaterial.uexp" 1877
"../../../Engine/Content/VREditor/LaserPointer/VR_LaserPower_01.ubulk" 1878
"../../../Engine/Content/VREditor/LaserPointer/VR_LaserPower_01.uasset" 1879
"../../../Engine/Content/VREditor/LaserPointer/VR_LaserPower_01.uexp" 1880
"../../../Engine/Content/VREditor/TransformGizmo/TransformGizmoMaterial.uasset" 1881
"../../../Engine/Content/VREditor/TransformGizmo/TransformGizmoMaterial.uexp" 1882
"../../../Engine/Content/VREditor/TransformGizmo/BoundingBoxEdge.ubulk" 1883
"../../../Engine/Content/VREditor/TransformGizmo/BoundingBoxEdge.uasset" 1884
"../../../Engine/Content/VREditor/TransformGizmo/BoundingBoxEdge.uexp" 1885
"../../../Engine/Content/VREditor/TransformGizmo/BoundingBoxCorner.ubulk" 1886
"../../../Engine/Content/VREditor/TransformGizmo/BoundingBoxCorner.uasset" 1887
"../../../Engine/Content/VREditor/TransformGizmo/BoundingBoxCorner.uexp" 1888
"../../../Engine/Content/Functions/Engine_MaterialFunctions01/Shading/PowerToRoughness.uasset" 1889
"../../../Engine/Content/Functions/Engine_MaterialFunctions01/Shading/PowerToRoughness.uexp" 1890
"../../../Engine/Content/Functions/Engine_MaterialFunctions01/Shading/ConvertFromDiffSpec.uasset" 1891
"../../../Engine/Content/Functions/Engine_MaterialFunctions01/Shading/ConvertFromDiffSpec.uexp" 1892
"../../../Engine/Content/EngineMaterials/Substrate/Glints2/AGlintTex2dArray2.uasset" 1893
"../../../Engine/Content/EngineMaterials/Substrate/Glints2/AGlintTex2dArray2.uexp" 1894
"../../../Engine/Content/EngineMaterials/Substrate/GLints/AGlintTex2dArray.uasset" 1895
"../../../Engine/Content/EngineMaterials/Substrate/GLints/AGlintTex2dArray.uexp" 1896
"../../../Engine/Content/ArtTools/RenderToTexture/Meshes/S_1_Unit_Plane.ubulk" 1897
"../../../Engine/Content/ArtTools/RenderToTexture/Meshes/S_1_Unit_Plane.uasset" 1898
"../../../Engine/Content/ArtTools/RenderToTexture/Meshes/S_1_Unit_Plane.uexp" 1899
"../../../Engine/Content/EngineMaterials/Substrate/Volume/SubstrateSimpleVolumeEnvLUT3D.uasset" 1900
"../../../Engine/Content/EngineMaterials/Substrate/Volume/SubstrateSimpleVolumeEnvLUT3D.uexp" 1901
"../../../Engine/Content/EngineMaterials/Substrate/Volume/SubstrateSimpleVolumeLUT3D.uasset" 1902
"../../../Engine/Content/EngineMaterials/Substrate/Volume/SubstrateSimpleVolumeLUT3D.uexp" 1903
"../../../Engine/Content/Functions/Engine_MaterialFunctions02/Math/Transform3x3Matrix.uasset" 1904
"../../../Engine/Content/Functions/Engine_MaterialFunctions02/Math/Transform3x3Matrix.uexp" 1905
"../../../Engine/Content/Functions/Engine_MaterialFunctions01/Texturing/FlattenNormal.uasset" 1906
"../../../Engine/Content/Functions/Engine_MaterialFunctions01/Texturing/FlattenNormal.uexp" 1907
"../../../Engine/Plugins/Interchange/Assets/Content/Utilities/New_LUT.uasset" 1908
"../../../Engine/Plugins/Interchange/Assets/Content/Utilities/New_LUT.uexp" 1909
"../../../Engine/Content/Functions/Engine_MaterialFunctions03/Math/RemapValueRange.uasset" 1910
"../../../Engine/Content/Functions/Engine_MaterialFunctions03/Math/RemapValueRange.uexp" 1911
"../../../Engine/Plugins/Interchange/Assets/Content/Functions/MF_Iridescence.uasset" 1912
"../../../Engine/Plugins/Interchange/Assets/Content/Functions/MF_Iridescence.uexp" 1913
"../../../Engine/Plugins/Interchange/Assets/Content/gltf/Textures/T_White_srgb.uasset" 1914
"../../../Engine/Plugins/Interchange/Assets/Content/gltf/Textures/T_White_srgb.uexp" 1915
"../../../Engine/Plugins/Interchange/Assets/Content/gltf/MaterialFunctions/MF_BaseColor.uasset" 1916
"../../../Engine/Plugins/Interchange/Assets/Content/gltf/MaterialFunctions/MF_BaseColor.uexp" 1917
"../../../Engine/Plugins/Interchange/Assets/Content/gltf/MaterialFunctions/MF_RotateV2.uasset" 1918
"../../../Engine/Plugins/Interchange/Assets/Content/gltf/MaterialFunctions/MF_RotateV2.uexp" 1919
"../../../Engine/Plugins/Interchange/Assets/Content/gltf/MaterialFunctions/MF_TransformUVs.uasset" 1920
"../../../Engine/Plugins/Interchange/Assets/Content/gltf/MaterialFunctions/MF_TransformUVs.uexp" 1921
"../../../Engine/Plugins/Interchange/Assets/Content/gltf/MaterialFunctions/MF_IOR.uasset" 1922
"../../../Engine/Plugins/Interchange/Assets/Content/gltf/MaterialFunctions/MF_IOR.uexp" 1923
"../../../Engine/Plugins/Interchange/Assets/Content/gltf/MaterialFunctions/MF_Iridescence.uasset" 1924
"../../../Engine/Plugins/Interchange/Assets/Content/gltf/MaterialFunctions/MF_Iridescence.uexp" 1925
"../../../Engine/Plugins/Interchange/Assets/Content/gltf/Textures/T_White_Linear.uasset" 1926
"../../../Engine/Plugins/Interchange/Assets/Content/gltf/Textures/T_White_Linear.uexp" 1927
"../../../Engine/Plugins/Interchange/Assets/Content/gltf/MaterialFunctions/MF_MetallicRoughness.uasset" 1928
"../../../Engine/Plugins/Interchange/Assets/Content/gltf/MaterialFunctions/MF_MetallicRoughness.uexp" 1929
"../../../Engine/Plugins/Interchange/Assets/Content/gltf/MaterialFunctions/MF_RotateNormals_TS.uasset" 1930
"../../../Engine/Plugins/Interchange/Assets/Content/gltf/MaterialFunctions/MF_RotateNormals_TS.uexp" 1931
"../../../Engine/Plugins/Interchange/Assets/Content/gltf/MaterialFunctions/MF_ScaleNormal.uasset" 1932
"../../../Engine/Plugins/Interchange/Assets/Content/gltf/MaterialFunctions/MF_ScaleNormal.uexp" 1933
"../../../Engine/Plugins/Interchange/Assets/Content/gltf/Textures/T_Generic_N.uasset" 1934
"../../../Engine/Plugins/Interchange/Assets/Content/gltf/Textures/T_Generic_N.uexp" 1935
"../../../Engine/Plugins/Interchange/Assets/Content/gltf/MaterialFunctions/MF_Normals.uasset" 1936
"../../../Engine/Plugins/Interchange/Assets/Content/gltf/MaterialFunctions/MF_Normals.uexp" 1937
"../../../Engine/Plugins/Interchange/Assets/Content/gltf/MaterialFunctions/MF_Occlusion.uasset" 1938
"../../../Engine/Plugins/Interchange/Assets/Content/gltf/MaterialFunctions/MF_Occlusion.uexp" 1939
"../../../Engine/Plugins/Interchange/Assets/Content/gltf/MaterialFunctions/MF_Specular.uasset" 1940
"../../../Engine/Plugins/Interchange/Assets/Content/gltf/MaterialFunctions/MF_Specular.uexp" 1941
"../../../Engine/Plugins/Interchange/Assets/Content/gltf/Textures/T_Anisotropy_Direction_Linear.uasset" 1942
"../../../Engine/Plugins/Interchange/Assets/Content/gltf/Textures/T_Anisotropy_Direction_Linear.uexp" 1943
"../../../Engine/Plugins/Interchange/Assets/Content/gltf/MaterialFunctions/MF_SpecularAnisotropy.uasset" 1944
"../../../Engine/Plugins/Interchange/Assets/Content/gltf/MaterialFunctions/MF_SpecularAnisotropy.uexp" 1945
"../../../Engine/Plugins/Interchange/Assets/Content/gltf/MaterialFunctions/MF_Emissive.uasset" 1946
"../../../Engine/Plugins/Interchange/Assets/Content/gltf/MaterialFunctions/MF_Emissive.uexp" 1947
"../../../Engine/Plugins/Interchange/Assets/Content/gltf/MaterialFunctions/MF_Clearcoat.uasset" 1948
"../../../Engine/Plugins/Interchange/Assets/Content/gltf/MaterialFunctions/MF_Clearcoat.uexp" 1949
"../../../Engine/Plugins/Interchange/Assets/Content/gltf/MaterialBodies/MF_ClearCoat_Body.uasset" 1950
"../../../Engine/Plugins/Interchange/Assets/Content/gltf/MaterialBodies/MF_ClearCoat_Body.uexp" 1951
"../../../Engine/Plugins/Interchange/Assets/Content/gltf/M_ClearCoat.uasset" 1952
"../../../Engine/Plugins/Interchange/Assets/Content/gltf/M_ClearCoat.uexp" 1953
"../../../Engine/Plugins/Interchange/Assets/Content/gltf/MaterialInstances/MI_ClearCoat_Blend.uasset" 1954
"../../../Engine/Plugins/Interchange/Assets/Content/gltf/MaterialInstances/MI_ClearCoat_Blend.uexp" 1955
"../../../Engine/Plugins/Interchange/Assets/Content/gltf/MaterialInstances/MI_ClearCoat_Blend_DS.uasset" 1956
"../../../Engine/Plugins/Interchange/Assets/Content/gltf/MaterialInstances/MI_ClearCoat_Blend_DS.uexp" 1957
"../../../Engine/Plugins/Interchange/Assets/Content/gltf/MaterialInstances/MI_ClearCoat_Mask.uasset" 1958
"../../../Engine/Plugins/Interchange/Assets/Content/gltf/MaterialInstances/MI_ClearCoat_Mask.uexp" 1959
"../../../Engine/Plugins/Interchange/Assets/Content/gltf/MaterialInstances/MI_ClearCoat_Mask_DS.uasset" 1960
"../../../Engine/Plugins/Interchange/Assets/Content/gltf/MaterialInstances/MI_ClearCoat_Mask_DS.uexp" 1961
"../../../Engine/Plugins/Interchange/Assets/Content/gltf/MaterialInstances/MI_ClearCoat_Opaque.uasset" 1962
"../../../Engine/Plugins/Interchange/Assets/Content/gltf/MaterialInstances/MI_ClearCoat_Opaque.uexp" 1963
"../../../Engine/Plugins/Interchange/Assets/Content/gltf/MaterialInstances/MI_ClearCoat_Opaque_DS.uasset" 1964
"../../../Engine/Plugins/Interchange/Assets/Content/gltf/MaterialInstances/MI_ClearCoat_Opaque_DS.uexp" 1965
"../../../Engine/Plugins/Interchange/Assets/Content/gltf/MaterialBodies/MF_Default_Body.uasset" 1966
"../../../Engine/Plugins/Interchange/Assets/Content/gltf/MaterialBodies/MF_Default_Body.uexp" 1967
"../../../Engine/Plugins/Interchange/Assets/Content/gltf/M_Default.uasset" 1968
"../../../Engine/Plugins/Interchange/Assets/Content/gltf/M_Default.uexp" 1969
"../../../Engine/Plugins/Interchange/Assets/Content/gltf/MaterialInstances/MI_Default_Blend.uasset" 1970
"../../../Engine/Plugins/Interchange/Assets/Content/gltf/MaterialInstances/MI_Default_Blend.uexp" 1971
"../../../Engine/Plugins/Interchange/Assets/Content/gltf/MaterialInstances/MI_Default_Blend_DS.uasset" 1972
"../../../Engine/Plugins/Interchange/Assets/Content/gltf/MaterialInstances/MI_Default_Blend_DS.uexp" 1973
"../../../Engine/Plugins/Interchange/Assets/Content/gltf/MaterialInstances/MI_Default_Mask.uasset" 1974
"../../../Engine/Plugins/Interchange/Assets/Content/gltf/MaterialInstances/MI_Default_Mask.uexp" 1975
"../../../Engine/Plugins/Interchange/Assets/Content/gltf/MaterialInstances/MI_Default_Mask_DS.uasset" 1976
"../../../Engine/Plugins/Interchange/Assets/Content/gltf/MaterialInstances/MI_Default_Mask_DS.uexp" 1977
"../../../Engine/Plugins/Interchange/Assets/Content/gltf/MaterialInstances/MI_Default_Opaque.uasset" 1978
"../../../Engine/Plugins/Interchange/Assets/Content/gltf/MaterialInstances/MI_Default_Opaque.uexp" 1979
"../../../Engine/Plugins/Interchange/Assets/Content/gltf/MaterialInstances/MI_Default_Opaque_DS.uasset" 1980
"../../../Engine/Plugins/Interchange/Assets/Content/gltf/MaterialInstances/MI_Default_Opaque_DS.uexp" 1981
"../../../Engine/Plugins/Interchange/Assets/Content/gltf/MaterialFunctions/MF_Sheen.uasset" 1982
"../../../Engine/Plugins/Interchange/Assets/Content/gltf/MaterialFunctions/MF_Sheen.uexp" 1983
"../../../Engine/Plugins/Interchange/Assets/Content/gltf/MaterialBodies/MF_Sheen_Body.uasset" 1984
"../../../Engine/Plugins/Interchange/Assets/Content/gltf/MaterialBodies/MF_Sheen_Body.uexp" 1985
"../../../Engine/Plugins/Interchange/Assets/Content/gltf/M_Sheen.uasset" 1986
"../../../Engine/Plugins/Interchange/Assets/Content/gltf/M_Sheen.uexp" 1987
"../../../Engine/Plugins/Interchange/Assets/Content/gltf/MaterialInstances/MI_Sheen_Blend.uasset" 1988
"../../../Engine/Plugins/Interchange/Assets/Content/gltf/MaterialInstances/MI_Sheen_Blend.uexp" 1989
"../../../Engine/Plugins/Interchange/Assets/Content/gltf/MaterialInstances/MI_Sheen_Blend_DS.uasset" 1990
"../../../Engine/Plugins/Interchange/Assets/Content/gltf/MaterialInstances/MI_Sheen_Blend_DS.uexp" 1991
"../../../Engine/Plugins/Interchange/Assets/Content/gltf/MaterialInstances/MI_Sheen_Mask.uasset" 1992
"../../../Engine/Plugins/Interchange/Assets/Content/gltf/MaterialInstances/MI_Sheen_Mask.uexp" 1993
"../../../Engine/Plugins/Interchange/Assets/Content/gltf/MaterialInstances/MI_Sheen_Mask_DS.uasset" 1994
"../../../Engine/Plugins/Interchange/Assets/Content/gltf/MaterialInstances/MI_Sheen_Mask_DS.uexp" 1995
"../../../Engine/Plugins/Interchange/Assets/Content/gltf/MaterialInstances/MI_Sheen_Opaque.uasset" 1996
"../../../Engine/Plugins/Interchange/Assets/Content/gltf/MaterialInstances/MI_Sheen_Opaque.uexp" 1997
"../../../Engine/Plugins/Interchange/Assets/Content/gltf/MaterialInstances/MI_Sheen_Opaque_DS.uasset" 1998
"../../../Engine/Plugins/Interchange/Assets/Content/gltf/MaterialInstances/MI_Sheen_Opaque_DS.uexp" 1999
"../../../Engine/Content/Functions/Engine_MaterialFunctions02/Math/AddComponents.uasset" 2000
"../../../Engine/Content/Functions/Engine_MaterialFunctions02/Math/AddComponents.uexp" 2001
"../../../Engine/Plugins/Interchange/Assets/Content/gltf/MaterialFunctions/MF_DiffuseSpecGloss.uasset" 2002
"../../../Engine/Plugins/Interchange/Assets/Content/gltf/MaterialFunctions/MF_DiffuseSpecGloss.uexp" 2003
"../../../Engine/Plugins/Interchange/Assets/Content/gltf/MaterialFunctions/MF_MaxComponentValue.uasset" 2004
"../../../Engine/Plugins/Interchange/Assets/Content/gltf/MaterialFunctions/MF_MaxComponentValue.uexp" 2005
"../../../Engine/Plugins/Interchange/Assets/Content/gltf/MaterialFunctions/MF_PerceivedBrightness.uasset" 2006
"../../../Engine/Plugins/Interchange/Assets/Content/gltf/MaterialFunctions/MF_PerceivedBrightness.uexp" 2007
"../../../Engine/Plugins/Interchange/Assets/Content/gltf/MaterialFunctions/MF_SpecGlossToMetalRoughness.uasset" 2008
"../../../Engine/Plugins/Interchange/Assets/Content/gltf/MaterialFunctions/MF_SpecGlossToMetalRoughness.uexp" 2009
"../../../Engine/Plugins/Interchange/Assets/Content/gltf/MaterialBodies/MF_SpecularGlossiness_Body.uasset" 2010
"../../../Engine/Plugins/Interchange/Assets/Content/gltf/MaterialBodies/MF_SpecularGlossiness_Body.uexp" 2011
"../../../Engine/Plugins/Interchange/Assets/Content/gltf/M_SpecularGlossiness.uasset" 2012
"../../../Engine/Plugins/Interchange/Assets/Content/gltf/M_SpecularGlossiness.uexp" 2013
"../../../Engine/Plugins/Interchange/Assets/Content/gltf/MaterialInstances/MI_SpecularGlossiness_Blend.uasset" 2014
"../../../Engine/Plugins/Interchange/Assets/Content/gltf/MaterialInstances/MI_SpecularGlossiness_Blend.uexp" 2015
"../../../Engine/Plugins/Interchange/Assets/Content/gltf/MaterialInstances/MI_SpecularGlossiness_Blend_DS.uasset" 2016
"../../../Engine/Plugins/Interchange/Assets/Content/gltf/MaterialInstances/MI_SpecularGlossiness_Blend_DS.uexp" 2017
"../../../Engine/Plugins/Interchange/Assets/Content/gltf/MaterialInstances/MI_SpecularGlossiness_Mask.uasset" 2018
"../../../Engine/Plugins/Interchange/Assets/Content/gltf/MaterialInstances/MI_SpecularGlossiness_Mask.uexp" 2019
"../../../Engine/Plugins/Interchange/Assets/Content/gltf/MaterialInstances/MI_SpecularGlossiness_Mask_DS.uasset" 2020
"../../../Engine/Plugins/Interchange/Assets/Content/gltf/MaterialInstances/MI_SpecularGlossiness_Mask_DS.uexp" 2021
"../../../Engine/Plugins/Interchange/Assets/Content/gltf/MaterialInstances/MI_SpecularGlossiness_Opaque.uasset" 2022
"../../../Engine/Plugins/Interchange/Assets/Content/gltf/MaterialInstances/MI_SpecularGlossiness_Opaque.uexp" 2023
"../../../Engine/Plugins/Interchange/Assets/Content/gltf/MaterialInstances/MI_SpecularGlossiness_Opaque_DS.uasset" 2024
"../../../Engine/Plugins/Interchange/Assets/Content/gltf/MaterialInstances/MI_SpecularGlossiness_Opaque_DS.uexp" 2025
"../../../Engine/Content/EngineMaterials/Good64x64TilingNoiseHighFreq.uasset" 2026
"../../../Engine/Content/EngineMaterials/Good64x64TilingNoiseHighFreq.uexp" 2027
"../../../Engine/Content/Functions/Engine_MaterialFunctions02/Texturing/ScreenAlignedPixelToPixelUVs.uasset" 2028
"../../../Engine/Content/Functions/Engine_MaterialFunctions02/Texturing/ScreenAlignedPixelToPixelUVs.uexp" 2029
"../../../Engine/Plugins/Interchange/Assets/Content/gltf/MaterialFunctions/MF_Fresnel_DS.uasset" 2030
"../../../Engine/Plugins/Interchange/Assets/Content/gltf/MaterialFunctions/MF_Fresnel_DS.uexp" 2031
"../../../Engine/Plugins/Interchange/Assets/Content/gltf/MaterialFunctions/MF_Temporal_Blur.uasset" 2032
"../../../Engine/Plugins/Interchange/Assets/Content/gltf/MaterialFunctions/MF_Temporal_Blur.uexp" 2033
"../../../Engine/Plugins/Interchange/Assets/Content/gltf/MaterialFunctions/MF_Transmission.uasset" 2034
"../../../Engine/Plugins/Interchange/Assets/Content/gltf/MaterialFunctions/MF_Transmission.uexp" 2035
"../../../Engine/Plugins/Interchange/Assets/Content/gltf/MaterialBodies/MF_Transmission_Body.uasset" 2036
"../../../Engine/Plugins/Interchange/Assets/Content/gltf/MaterialBodies/MF_Transmission_Body.uexp" 2037
"../../../Engine/Plugins/Interchange/Assets/Content/gltf/M_Transmission.uasset" 2038
"../../../Engine/Plugins/Interchange/Assets/Content/gltf/M_Transmission.uexp" 2039
"../../../Engine/Plugins/Interchange/Assets/Content/gltf/MaterialInstances/MI_Transmission.uasset" 2040
"../../../Engine/Plugins/Interchange/Assets/Content/gltf/MaterialInstances/MI_Transmission.uexp" 2041
"../../../Engine/Plugins/Interchange/Assets/Content/gltf/MaterialInstances/MI_Transmission_DS.uasset" 2042
"../../../Engine/Plugins/Interchange/Assets/Content/gltf/MaterialInstances/MI_Transmission_DS.uexp" 2043
"../../../Engine/Plugins/Interchange/Assets/Content/gltf/MaterialBodies/MF_Unlit_Body.uasset" 2044
"../../../Engine/Plugins/Interchange/Assets/Content/gltf/MaterialBodies/MF_Unlit_Body.uexp" 2045
"../../../Engine/Plugins/Interchange/Assets/Content/gltf/M_Unlit.uasset" 2046
"../../../Engine/Plugins/Interchange/Assets/Content/gltf/M_Unlit.uexp" 2047
"../../../Engine/Plugins/Interchange/Assets/Content/gltf/MaterialInstances/MI_Unlit_Blend.uasset" 2048
"../../../Engine/Plugins/Interchange/Assets/Content/gltf/MaterialInstances/MI_Unlit_Blend.uexp" 2049
"../../../Engine/Plugins/Interchange/Assets/Content/gltf/MaterialInstances/MI_Unlit_Blend_DS.uasset" 2050
"../../../Engine/Plugins/Interchange/Assets/Content/gltf/MaterialInstances/MI_Unlit_Blend_DS.uexp" 2051
"../../../Engine/Plugins/Interchange/Assets/Content/gltf/MaterialInstances/MI_Unlit_Mask.uasset" 2052
"../../../Engine/Plugins/Interchange/Assets/Content/gltf/MaterialInstances/MI_Unlit_Mask.uexp" 2053
"../../../Engine/Plugins/Interchange/Assets/Content/gltf/MaterialInstances/MI_Unlit_Mask_DS.uasset" 2054
"../../../Engine/Plugins/Interchange/Assets/Content/gltf/MaterialInstances/MI_Unlit_Mask_DS.uexp" 2055
"../../../Engine/Plugins/Interchange/Assets/Content/gltf/MaterialInstances/MI_Unlit_Opaque.uasset" 2056
"../../../Engine/Plugins/Interchange/Assets/Content/gltf/MaterialInstances/MI_Unlit_Opaque.uexp" 2057
"../../../Engine/Plugins/Interchange/Assets/Content/gltf/MaterialInstances/MI_Unlit_Opaque_DS.uasset" 2058
"../../../Engine/Plugins/Interchange/Assets/Content/gltf/MaterialInstances/MI_Unlit_Opaque_DS.uexp" 2059
"../../../Engine/Content/EngineResources/DefaultTextureCube.uasset" 2060
"../../../Engine/Content/EngineResources/DefaultTextureCube.uexp" 2061
"../../../Engine/Content/EngineMaterials/WeightMapPlaceholderTexture.uasset" 2062
"../../../Engine/Content/EngineMaterials/WeightMapPlaceholderTexture.uexp" 2063
"../../../Engine/Content/EngineMaterials/WeightMapArrayPlaceholderTexture.uasset" 2064
"../../../Engine/Content/EngineMaterials/WeightMapArrayPlaceholderTexture.uexp" 2065
"../../../Engine/Content/EngineResources/WhiteSquareTexture.uasset" 2066
"../../../Engine/Content/EngineResources/WhiteSquareTexture.uexp" 2067
"../../../Engine/Content/EngineMaterials/Widget3DPassThrough.uasset" 2068
"../../../Engine/Content/EngineMaterials/Widget3DPassThrough.uexp" 2069
"../../../Engine/Content/EngineMaterials/Widget3DPassThrough_Masked.uasset" 2070
"../../../Engine/Content/EngineMaterials/Widget3DPassThrough_Masked.uexp" 2071
"../../../Engine/Content/EngineMaterials/Widget3DPassThrough_Opaque.uasset" 2072
"../../../Engine/Content/EngineMaterials/Widget3DPassThrough_Opaque.uexp" 2073
"../../../Engine/Content/EngineMaterials/Widget3DPassThrough_Masked_OneSided.uasset" 2074
"../../../Engine/Content/EngineMaterials/Widget3DPassThrough_Masked_OneSided.uexp" 2075
"../../../Engine/Content/EngineMaterials/Widget3DPassThrough_Opaque_OneSided.uasset" 2076
"../../../Engine/Content/EngineMaterials/Widget3DPassThrough_Opaque_OneSided.uexp" 2077
"../../../Engine/Content/EngineMaterials/Widget3DPassThrough_Translucent.uasset" 2078
"../../../Engine/Content/EngineMaterials/Widget3DPassThrough_Translucent.uexp" 2079
"../../../Engine/Content/EngineMaterials/Widget3DPassThrough_Translucent_OneSided.uasset" 2080
"../../../Engine/Content/EngineMaterials/Widget3DPassThrough_Translucent_OneSided.uexp" 2081
"../../../Engine/Content/EditorLandscapeResources/ColorMaskBrushMaterial.uasset" 2082
"../../../Engine/Content/EditorLandscapeResources/ColorMaskBrushMaterial.uexp" 2083
"../../../Engine/Content/EditorLandscapeResources/ColorMaskBrushMaterial_MaskedRegion.uasset" 2084
"../../../Engine/Content/EditorLandscapeResources/ColorMaskBrushMaterial_MaskedRegion.uexp" 2085
"../../../Engine/Content/Functions/Engine_MaterialFunctions03/Math/WithinRangeFloat2.uasset" 2086
"../../../Engine/Content/Functions/Engine_MaterialFunctions03/Math/WithinRangeFloat2.uexp" 2087
"../../../Engine/Content/EditorLandscapeResources/MaskBrushMaterial.uasset" 2088
"../../../Engine/Content/EditorLandscapeResources/MaskBrushMaterial.uexp" 2089
"../../../Engine/Content/EditorLandscapeResources/MaskBrushMaterial_MaskedRegion.uasset" 2090
"../../../Engine/Content/EditorLandscapeResources/MaskBrushMaterial_MaskedRegion.uexp" 2091
"../../../Engine/Content/EditorLandscapeResources/SelectBrushMaterial.uasset" 2092
"../../../Engine/Content/EditorLandscapeResources/SelectBrushMaterial.uexp" 2093
"../../../Engine/Content/EditorLandscapeResources/SelectBrushMaterial_Selected.uasset" 2094
"../../../Engine/Content/EditorLandscapeResources/SelectBrushMaterial_Selected.uexp" 2095
"../../../Engine/Content/EditorLandscapeResources/SelectBrushMaterial_SelectedRegion.uasset" 2096
"../../../Engine/Content/EditorLandscapeResources/SelectBrushMaterial_SelectedRegion.uexp" 2097
"../../../Engine/Plugins/2D/Paper2D/Content/MaskedUnlitSpriteMaterial.uasset" 2098
"../../../Engine/Plugins/2D/Paper2D/Content/MaskedUnlitSpriteMaterial.uexp" 2099
"../../../Engine/Plugins/2D/Paper2D/Content/OpaqueUnlitSpriteMaterial.uasset" 2100
"../../../Engine/Plugins/2D/Paper2D/Content/OpaqueUnlitSpriteMaterial.uexp" 2101
"../../../Engine/Plugins/NNE/NNEDenoiser/Content/NNE_oidn2-3-0_rt_hdr_alb_nrm_small__dyn__fp16_opset11_DenoiseAlpha.uasset" 2102
"../../../Engine/Plugins/NNE/NNEDenoiser/Content/NNE_oidn2-3-0_rt_hdr_alb_nrm_small__dyn__fp16_opset11_DenoiseAlpha.uexp" 2103
"../../../Engine/Plugins/NNE/NNEDenoiser/Content/NNE_oidn2-3-0_rt_hdr_alb_nrm_small__dyn__fp16_opset11_ForwardAlpha.uasset" 2104
"../../../Engine/Plugins/NNE/NNEDenoiser/Content/NNE_oidn2-3-0_rt_hdr_alb_nrm_small__dyn__fp16_opset11_ForwardAlpha.uexp" 2105
"../../../Engine/Plugins/NNE/NNEDenoiser/Content/NNE_oidn2-3-0_rt_hdr_alb_nrm__dyn__fp16_opset11_DenoiseAlpha.uasset" 2106
"../../../Engine/Plugins/NNE/NNEDenoiser/Content/NNE_oidn2-3-0_rt_hdr_alb_nrm__dyn__fp16_opset11_DenoiseAlpha.uexp" 2107
"../../../Engine/Plugins/NNE/NNEDenoiser/Content/NNE_oidn2-3-0_rt_hdr_alb_nrm__dyn__fp16_opset11_ForwardAlpha.uasset" 2108
"../../../Engine/Plugins/NNE/NNEDenoiser/Content/NNE_oidn2-3-0_rt_hdr_alb_nrm__dyn__fp16_opset11_ForwardAlpha.uexp" 2109
"../../../Engine/Plugins/NNE/NNEDenoiser/Content/NNE_oidn2-3-0_rt_hdr_calb_cnrm_large__dyn__fp16_opset11_DenoiseAlpha.uasset" 2110
"../../../Engine/Plugins/NNE/NNEDenoiser/Content/NNE_oidn2-3-0_rt_hdr_calb_cnrm_large__dyn__fp16_opset11_DenoiseAlpha.uexp" 2111
"../../../Engine/Plugins/NNE/NNEDenoiser/Content/NNE_oidn2-3-0_rt_hdr_calb_cnrm_large__dyn__fp16_opset11_ForwardAlpha.uasset" 2112
"../../../Engine/Plugins/NNE/NNEDenoiser/Content/NNE_oidn2-3-0_rt_hdr_calb_cnrm_large__dyn__fp16_opset11_ForwardAlpha.uexp" 2113
"../../../Engine/Plugins/Animation/DeformerGraph/Content/DeformerFunctions/DG_Function_LinearBlendSkin_Morph_Cloth.uasset" 2114
"../../../Engine/Plugins/Animation/DeformerGraph/Content/DeformerFunctions/DG_Function_LinearBlendSkin_Morph_Cloth.uexp" 2115
"../../../Engine/Plugins/Animation/DeformerGraph/Content/Deformers/DG_LinearBlendSkin_Morph_Cloth.uasset" 2116
"../../../Engine/Plugins/Animation/DeformerGraph/Content/Deformers/DG_LinearBlendSkin_Morph_Cloth.uexp" 2117
"../../../Engine/Plugins/Animation/DeformerGraph/Content/DeformerFunctions/DG_Function_LinearBlendSkin_Morph_Cloth_PositionOnly.uasset" 2118
"../../../Engine/Plugins/Animation/DeformerGraph/Content/DeformerFunctions/DG_Function_LinearBlendSkin_Morph_Cloth_PositionOnly.uexp" 2119
"../../../Engine/Plugins/Animation/DeformerGraph/Content/DeformerFunctions/DG_Function_ComputeNormalsTangents.uasset" 2120
"../../../Engine/Plugins/Animation/DeformerGraph/Content/DeformerFunctions/DG_Function_ComputeNormalsTangents.uexp" 2121
"../../../Engine/Plugins/Animation/DeformerGraph/Content/Deformers/DG_LinearBlendSkin_Morph_Cloth_RecomputeNormals.uasset" 2122
"../../../Engine/Plugins/Animation/DeformerGraph/Content/Deformers/DG_LinearBlendSkin_Morph_Cloth_RecomputeNormals.uexp" 2123
"../../../Engine/Content/EngineResources/LandscapeVisibilityLayerInfo.uasset" 2124
"../../../Engine/Content/EngineResources/LandscapeVisibilityLayerInfo.uexp" 2125
"../../../Engine/Content/VREditor/Sounds/UI/Drop_Item_From_ContentBrowser.ubulk" 2126
"../../../Engine/Content/VREditor/Sounds/UI/Drop_Item_From_ContentBrowser.uasset" 2127
"../../../Engine/Content/VREditor/Sounds/UI/Drop_Item_From_ContentBrowser.uexp" 2128
"../../../Engine/Content/VREditor/TransformGizmo/TransformGizmoMaterial_Inst.uasset" 2129
"../../../Engine/Content/VREditor/TransformGizmo/TransformGizmoMaterial_Inst.uexp" 2130
"../../../Engine/Content/VREditor/TransformGizmo/TranslucentTransformGizmoMaterial_Inst.uasset" 2131
"../../../Engine/Content/VREditor/TransformGizmo/TranslucentTransformGizmoMaterial_Inst.uexp" 2132
"../../../Engine/Content/Functions/Engine_MaterialFunctions02/SplitComponents.uasset" 2133
"../../../Engine/Content/Functions/Engine_MaterialFunctions02/SplitComponents.uexp" 2134
"../../../Engine/Content/VREditor/SnapGrid/SnapGridMaterial.uasset" 2135
"../../../Engine/Content/VREditor/SnapGrid/SnapGridMaterial.uexp" 2136
"../../../Engine/Content/VREditor/SnapGrid/SnapGridPlaneMesh.ubulk" 2137
"../../../Engine/Content/VREditor/SnapGrid/SnapGridPlaneMesh.uasset" 2138
"../../../Engine/Content/VREditor/SnapGrid/SnapGridPlaneMesh.uexp" 2139
"../../../Engine/Content/VREditor/Sounds/UI/Gizmo_Handle_Clicked.ubulk" 2140
"../../../Engine/Content/VREditor/Sounds/UI/Gizmo_Handle_Clicked.uasset" 2141
"../../../Engine/Content/VREditor/Sounds/UI/Gizmo_Handle_Clicked.uexp" 2142
"../../../Engine/Content/VREditor/Sounds/UI/Object_PickUp.ubulk" 2143
"../../../Engine/Content/VREditor/Sounds/UI/Object_PickUp.uasset" 2144
"../../../Engine/Content/VREditor/Sounds/UI/Object_PickUp.uexp" 2145
"../../../Engine/Content/VREditor/Sounds/UI/Object_Snaps_To_Another_Actor.ubulk" 2146
"../../../Engine/Content/VREditor/Sounds/UI/Object_Snaps_To_Another_Actor.uasset" 2147
"../../../Engine/Content/VREditor/Sounds/UI/Object_Snaps_To_Another_Actor.uexp" 2148
"../../../Engine/Content/VREditor/Sounds/UI/Object_Snaps_To_Grid.ubulk" 2149
"../../../Engine/Content/VREditor/Sounds/UI/Object_Snaps_To_Grid.uasset" 2150
"../../../Engine/Content/VREditor/Sounds/UI/Object_Snaps_To_Grid.uexp" 2151
"../../../Engine/Content/VREditor/Sounds/UI/Scaling_Down.ubulk" 2152
"../../../Engine/Content/VREditor/Sounds/UI/Scaling_Down.uasset" 2153
"../../../Engine/Content/VREditor/Sounds/UI/Scaling_Down.uexp" 2154
"../../../Engine/Content/VREditor/Sounds/UI/Scaling_Up.ubulk" 2155
"../../../Engine/Content/VREditor/Sounds/UI/Scaling_Up.uasset" 2156
"../../../Engine/Content/VREditor/Sounds/UI/Scaling_Up.uexp" 2157
"../../../Engine/Content/VREditor/Sounds/UI/Selection_Changes.ubulk" 2158
"../../../Engine/Content/VREditor/Sounds/UI/Selection_Changes.uasset" 2159
"../../../Engine/Content/VREditor/Sounds/UI/Selection_Changes.uexp" 2160
"../../../Engine/Content/VREditor/TransformGizmo/PlaneTranslationHandle.ubulk" 2161
"../../../Engine/Content/VREditor/TransformGizmo/PlaneTranslationHandle.uasset" 2162
"../../../Engine/Content/VREditor/TransformGizmo/PlaneTranslationHandle.uexp" 2163
"../../../Engine/Content/VREditor/TransformGizmo/RotationHandleFull.ubulk" 2164
"../../../Engine/Content/VREditor/TransformGizmo/RotationHandleFull.uasset" 2165
"../../../Engine/Content/VREditor/TransformGizmo/RotationHandleFull.uexp" 2166
"../../../Engine/Content/VREditor/TransformGizmo/RotationHandleIndicator.ubulk" 2167
"../../../Engine/Content/VREditor/TransformGizmo/RotationHandleIndicator.uasset" 2168
"../../../Engine/Content/VREditor/TransformGizmo/RotationHandleIndicator.uexp" 2169
"../../../Engine/Content/VREditor/TransformGizmo/RotationHandleQuarter.ubulk" 2170
"../../../Engine/Content/VREditor/TransformGizmo/RotationHandleQuarter.uasset" 2171
"../../../Engine/Content/VREditor/TransformGizmo/RotationHandleQuarter.uexp" 2172
"../../../Engine/Content/VREditor/TransformGizmo/StartRotationHandleIndicator.ubulk" 2173
"../../../Engine/Content/VREditor/TransformGizmo/StartRotationHandleIndicator.uasset" 2174
"../../../Engine/Content/VREditor/TransformGizmo/StartRotationHandleIndicator.uexp" 2175
"../../../Engine/Content/VREditor/TransformGizmo/TransformGizmoFreeRotation.ubulk" 2176
"../../../Engine/Content/VREditor/TransformGizmo/TransformGizmoFreeRotation.uasset" 2177
"../../../Engine/Content/VREditor/TransformGizmo/TransformGizmoFreeRotation.uexp" 2178
"../../../Engine/Content/VREditor/TransformGizmo/TranslateArrowHandle.ubulk" 2179
"../../../Engine/Content/VREditor/TransformGizmo/TranslateArrowHandle.uasset" 2180
"../../../Engine/Content/VREditor/TransformGizmo/TranslateArrowHandle.uexp" 2181
"../../../Engine/Content/VREditor/TransformGizmo/UniformScaleHandle.ubulk" 2182
"../../../Engine/Content/VREditor/TransformGizmo/UniformScaleHandle.uasset" 2183
"../../../Engine/Content/VREditor/TransformGizmo/UniformScaleHandle.uexp" 2184
"../../../Engine/Plugins/NNE/NNEDenoiser/Content/NNEDT_Oidn2-3_Balanced.uasset" 2185
"../../../Engine/Plugins/NNE/NNEDenoiser/Content/NNEDT_Oidn2-3_Balanced.uexp" 2186
"../../../Engine/Plugins/NNE/NNEDenoiser/Content/NNEDT_Oidn2-3_Balanced_Alpha.uasset" 2187
"../../../Engine/Plugins/NNE/NNEDenoiser/Content/NNEDT_Oidn2-3_Balanced_Alpha.uexp" 2188
"../../../Engine/Plugins/NNE/NNEDenoiser/Content/NNED_Oidn2-3_Balanced.uasset" 2189
"../../../Engine/Plugins/NNE/NNEDenoiser/Content/NNED_Oidn2-3_Balanced.uexp" 2190
"../../../Engine/Plugins/NNE/NNEDenoiser/Content/NNED_Oidn2-3_Balanced_Alpha.uasset" 2191
"../../../Engine/Plugins/NNE/NNEDenoiser/Content/NNED_Oidn2-3_Balanced_Alpha.uexp" 2192
"../../../Engine/Plugins/NNE/NNEDenoiser/Content/NNED_Oidn2-3_Fast.uasset" 2193
"../../../Engine/Plugins/NNE/NNEDenoiser/Content/NNED_Oidn2-3_Fast.uexp" 2194
"../../../Engine/Plugins/NNE/NNEDenoiser/Content/NNED_Oidn2-3_Fast_Alpha.uasset" 2195
"../../../Engine/Plugins/NNE/NNEDenoiser/Content/NNED_Oidn2-3_Fast_Alpha.uexp" 2196
"../../../Engine/Plugins/NNE/NNEDenoiser/Content/NNED_Oidn2-3_HighQuality.uasset" 2197
"../../../Engine/Plugins/NNE/NNEDenoiser/Content/NNED_Oidn2-3_HighQuality.uexp" 2198
"../../../Engine/Plugins/NNE/NNEDenoiser/Content/NNED_Oidn2-3_HighQuality_Alpha.uasset" 2199
"../../../Engine/Plugins/NNE/NNEDenoiser/Content/NNED_Oidn2-3_HighQuality_Alpha.uexp" 2200
"../../../Engine/Content/MapTemplates/SM_Template_Map_Floor.ubulk" 2201
"../../../Engine/Content/MapTemplates/SM_Template_Map_Floor.uasset" 2202
"../../../Engine/Content/MapTemplates/SM_Template_Map_Floor.uexp" 2203
"../../../Engine/Content/EngineSky/T_Sky_Stars.ubulk" 2204
"../../../Engine/Content/EngineSky/T_Sky_Stars.uasset" 2205
"../../../Engine/Content/EngineSky/T_Sky_Stars.uexp" 2206
"../../../Engine/Content/EngineSky/T_Sky_Clouds_M.ubulk" 2207
"../../../Engine/Content/EngineSky/T_Sky_Clouds_M.uasset" 2208
"../../../Engine/Content/EngineSky/T_Sky_Clouds_M.uexp" 2209
"../../../Engine/Content/EngineSky/T_Sky_Blue.ubulk" 2210
"../../../Engine/Content/EngineSky/T_Sky_Blue.uasset" 2211
"../../../Engine/Content/EngineSky/T_Sky_Blue.uexp" 2212
"../../../Engine/Content/EngineSky/M_Sky_Panning_Clouds2.uasset" 2213
"../../../Engine/Content/EngineSky/M_Sky_Panning_Clouds2.uexp" 2214
"../../../Engine/Content/EngineSky/SM_SkySphere.ubulk" 2215
"../../../Engine/Content/EngineSky/SM_SkySphere.uasset" 2216
"../../../Engine/Content/EngineSky/SM_SkySphere.uexp" 2217
"../../../Engine/Content/EngineSky/M_SimpleSkyDome.uasset" 2218
"../../../Engine/Content/EngineSky/M_SimpleSkyDome.uexp" 2219
"../../../Engine/Content/EngineMaterials/BlendFunc_DefBlend.uasset" 2220
"../../../Engine/Content/EngineMaterials/BlendFunc_DefBlend.uexp" 2221
"../../../Engine/Content/EngineMaterials/BlendFunc_DefBase.uasset" 2222
"../../../Engine/Content/EngineMaterials/BlendFunc_DefBase.uexp" 2223
"../../../Engine/Content/Functions/Engine_MaterialFunctions03/Blends/Blend_Overlay.uasset" 2224
"../../../Engine/Content/Functions/Engine_MaterialFunctions03/Blends/Blend_Overlay.uexp" 2225
"../../../Engine/Content/OpenWorldTemplate/LandscapeMaterial/T_GridChecker_A.ubulk" 2226
"../../../Engine/Content/OpenWorldTemplate/LandscapeMaterial/T_GridChecker_A.uasset" 2227
"../../../Engine/Content/OpenWorldTemplate/LandscapeMaterial/T_GridChecker_A.uexp" 2228
"../../../Engine/Content/Functions/Engine_MaterialFunctions01/Gradient/LinearGradient.uasset" 2229
"../../../Engine/Content/Functions/Engine_MaterialFunctions01/Gradient/LinearGradient.uexp" 2230
"../../../Engine/Content/Functions/Engine_MaterialFunctions01/ImageAdjustment/CheapContrast.uasset" 2231
"../../../Engine/Content/Functions/Engine_MaterialFunctions01/ImageAdjustment/CheapContrast.uexp" 2232
"../../../Engine/Content/OpenWorldTemplate/LandscapeMaterial/MF_ProcGrid.uasset" 2233
"../../../Engine/Content/OpenWorldTemplate/LandscapeMaterial/MF_ProcGrid.uexp" 2234
"../../../Engine/Content/OpenWorldTemplate/LandscapeMaterial/M_ProcGrid.uasset" 2235
"../../../Engine/Content/OpenWorldTemplate/LandscapeMaterial/M_ProcGrid.uexp" 2236
"../../../Engine/Content/OpenWorldTemplate/LandscapeMaterial/MI_ProcGrid.uasset" 2237
"../../../Engine/Content/OpenWorldTemplate/LandscapeMaterial/MI_ProcGrid.uexp" 2238
"../../../Engine/Content/EngineSky/VolumetricClouds/VT_PerlinWorley_Balanced.uasset" 2239
"../../../Engine/Content/EngineSky/VolumetricClouds/VT_PerlinWorley_Balanced.uexp" 2240
"../../../Engine/Content/EngineSky/VolumetricClouds/T_Profile_08.ubulk" 2241
"../../../Engine/Content/EngineSky/VolumetricClouds/T_Profile_08.uasset" 2242
"../../../Engine/Content/EngineSky/VolumetricClouds/T_Profile_08.uexp" 2243
"../../../Engine/Content/EngineSky/VolumetricClouds/T_CloudPattern.ubulk" 2244
"../../../Engine/Content/EngineSky/VolumetricClouds/T_CloudPattern.uasset" 2245
"../../../Engine/Content/EngineSky/VolumetricClouds/T_CloudPattern.uexp" 2246
"../../../Engine/Content/EngineSky/VolumetricClouds/T_CloudMask.ubulk" 2247
"../../../Engine/Content/EngineSky/VolumetricClouds/T_CloudMask.uasset" 2248
"../../../Engine/Content/EngineSky/VolumetricClouds/T_CloudMask.uexp" 2249
"../../../Engine/Content/Functions/Engine_MaterialFunctions02/Utility/BreakOutFloat4Components.uasset" 2250
"../../../Engine/Content/Functions/Engine_MaterialFunctions02/Utility/BreakOutFloat4Components.uexp" 2251
"../../../Engine/Content/Functions/Engine_MaterialFunctions02/Utility/MakeFloat4.uasset" 2252
"../../../Engine/Content/Functions/Engine_MaterialFunctions02/Utility/MakeFloat4.uexp" 2253
"../../../Engine/Content/EngineResources/DefaultVolumeTexture2D.uasset" 2254
"../../../Engine/Content/EngineResources/DefaultVolumeTexture2D.uexp" 2255
"../../../Engine/Content/EngineResources/DefaultVolumeTexture.uasset" 2256
"../../../Engine/Content/EngineResources/DefaultVolumeTexture.uexp" 2257
"../../../Engine/Content/EngineSky/VolumetricClouds/VT_Lightning.uasset" 2258
"../../../Engine/Content/EngineSky/VolumetricClouds/VT_Lightning.uexp" 2259
"../../../Engine/Content/Functions/Engine_MaterialFunctions01/Units/Km-to-Cm.uasset" 2260
"../../../Engine/Content/Functions/Engine_MaterialFunctions01/Units/Km-to-Cm.uexp" 2261
"../../../Engine/Content/EngineSky/VolumetricClouds/m_SimpleVolumetricCloud.uasset" 2262
"../../../Engine/Content/EngineSky/VolumetricClouds/m_SimpleVolumetricCloud.uexp" 2263
"../../../Engine/Content/EngineSky/VolumetricClouds/m_SimpleVolumetricCloud_Inst.uasset" 2264
"../../../Engine/Content/EngineSky/VolumetricClouds/m_SimpleVolumetricCloud_Inst.uexp" 2265
"C:/Users/howli/Documents/Unreal Projects/SpriteTest 5.6/Content/SlidWall1.ubulk" 2266
"C:/Users/howli/Documents/Unreal Projects/SpriteTest 5.6/Content/SlidWall1.uasset" 2267
"C:/Users/howli/Documents/Unreal Projects/SpriteTest 5.6/Content/SlidWall1.uexp" 2268
"C:/Users/howli/Documents/Unreal Projects/SpriteTest 5.6/Content/SlideWall3.ubulk" 2269
"C:/Users/howli/Documents/Unreal Projects/SpriteTest 5.6/Content/SlideWall3.uasset" 2270
"C:/Users/howli/Documents/Unreal Projects/SpriteTest 5.6/Content/SlideWall3.uexp" 2271
"C:/Users/howli/Documents/Unreal Projects/SpriteTest 5.6/Content/SlideWall2.ubulk" 2272
"C:/Users/howli/Documents/Unreal Projects/SpriteTest 5.6/Content/SlideWall2.uasset" 2273
"C:/Users/howli/Documents/Unreal Projects/SpriteTest 5.6/Content/SlideWall2.uexp" 2274
"../../../Engine/Content/BasicShapes/BasicShapeMaterial.uasset" 2275
"../../../Engine/Content/BasicShapes/BasicShapeMaterial.uexp" 2276
"C:/Users/howli/Documents/Unreal Projects/SpriteTest 5.6/Content/SM_BackropLayer1.ubulk" 2277
"C:/Users/howli/Documents/Unreal Projects/SpriteTest 5.6/Content/SM_BackropLayer1.uasset" 2278
"C:/Users/howli/Documents/Unreal Projects/SpriteTest 5.6/Content/SM_BackropLayer1.uexp" 2279
"C:/Users/howli/Documents/Unreal Projects/SpriteTest 5.6/Content/Boundry.ubulk" 2280
"C:/Users/howli/Documents/Unreal Projects/SpriteTest 5.6/Content/Boundry.uasset" 2281
"C:/Users/howli/Documents/Unreal Projects/SpriteTest 5.6/Content/Boundry.uexp" 2282
"C:/Users/howli/Documents/Unreal Projects/SpriteTest 5.6/Content/BackDrop.ubulk" 2283
"C:/Users/howli/Documents/Unreal Projects/SpriteTest 5.6/Content/BackDrop.uasset" 2284
"C:/Users/howli/Documents/Unreal Projects/SpriteTest 5.6/Content/BackDrop.uexp" 2285
"C:/Users/howli/Documents/Unreal Projects/SpriteTest 5.6/Content/Blueprints(TextActors)/BP_DashText.uasset" 2286
"C:/Users/howli/Documents/Unreal Projects/SpriteTest 5.6/Content/Blueprints(TextActors)/BP_DashText.uexp" 2287
"C:/Users/howli/Documents/Unreal Projects/SpriteTest 5.6/Content/Blueprints(TextActors)/BP_DashText2.uasset" 2288
"C:/Users/howli/Documents/Unreal Projects/SpriteTest 5.6/Content/Blueprints(TextActors)/BP_DashText2.uexp" 2289
"C:/Users/howli/Documents/Unreal Projects/SpriteTest 5.6/Content/Blueprints(TextActors)/BP_DashText3.uasset" 2290
"C:/Users/howli/Documents/Unreal Projects/SpriteTest 5.6/Content/Blueprints(TextActors)/BP_DashText3.uexp" 2291
"C:/Users/howli/Documents/Unreal Projects/SpriteTest 5.6/Content/Blueprints(TextActors)/BP_DoubleJumpText.uasset" 2292
"C:/Users/howli/Documents/Unreal Projects/SpriteTest 5.6/Content/Blueprints(TextActors)/BP_DoubleJumpText.uexp" 2293
"C:/Users/howli/Documents/Unreal Projects/SpriteTest 5.6/Content/Blueprints(TextActors)/BP_JumpText.uasset" 2294
"C:/Users/howli/Documents/Unreal Projects/SpriteTest 5.6/Content/Blueprints(TextActors)/BP_JumpText.uexp" 2295
"C:/Users/howli/Documents/Unreal Projects/SpriteTest 5.6/Content/Blueprints(TextActors)/BP_SlideText1.uasset" 2296
"C:/Users/howli/Documents/Unreal Projects/SpriteTest 5.6/Content/Blueprints(TextActors)/BP_SlideText1.uexp" 2297
"C:/Users/howli/Documents/Unreal Projects/SpriteTest 5.6/Content/Blueprints(TextActors)/BP_SlideText2.uasset" 2298
"C:/Users/howli/Documents/Unreal Projects/SpriteTest 5.6/Content/Blueprints(TextActors)/BP_SlideText2.uexp" 2299
"C:/Users/howli/Documents/Unreal Projects/SpriteTest 5.6/Content/Blueprints(TextActors)/BP_SlideText3.uasset" 2300
"C:/Users/howli/Documents/Unreal Projects/SpriteTest 5.6/Content/Blueprints(TextActors)/BP_SlideText3.uexp" 2301
"C:/Users/howli/Documents/Unreal Projects/SpriteTest 5.6/Content/Blueprints(TextActors)/BP_Text.uasset" 2302
"C:/Users/howli/Documents/Unreal Projects/SpriteTest 5.6/Content/Blueprints(TextActors)/BP_Text.uexp" 2303
"C:/Users/howli/Documents/Unreal Projects/SpriteTest 5.6/Content/Blueprints(TextActors)/BP_WallJumpText.uasset" 2304
"C:/Users/howli/Documents/Unreal Projects/SpriteTest 5.6/Content/Blueprints(TextActors)/BP_WallJumpText.uexp" 2305
"../../../Engine/Content/BasicShapes/Cube.ubulk" 2306
"../../../Engine/Content/BasicShapes/Cube.uasset" 2307
"../../../Engine/Content/BasicShapes/Cube.uexp" 2308
"C:/Users/howli/Documents/Unreal Projects/SpriteTest 5.6/Content/Materials/DeathMaterial.uasset" 2309
"C:/Users/howli/Documents/Unreal Projects/SpriteTest 5.6/Content/Materials/DeathMaterial.uexp" 2310
"C:/Users/howli/Documents/Unreal Projects/SpriteTest 5.6/Content/Blueprints/BP_DeathPit.uasset" 2311
"C:/Users/howli/Documents/Unreal Projects/SpriteTest 5.6/Content/Blueprints/BP_DeathPit.uexp" 2312
"C:/Users/howli/Documents/Unreal Projects/SpriteTest 5.6/Content/Materials/WallMaterial1.uasset" 2313
"C:/Users/howli/Documents/Unreal Projects/SpriteTest 5.6/Content/Materials/WallMaterial1.uexp" 2314
"C:/Users/howli/Documents/Unreal Projects/SpriteTest 5.6/Content/Blueprints/Checkpoint_Indicator.uasset" 2315
"C:/Users/howli/Documents/Unreal Projects/SpriteTest 5.6/Content/Blueprints/Checkpoint_Indicator.uexp" 2316
"C:/Users/howli/Documents/Unreal Projects/SpriteTest 5.6/Content/Blueprints/BP_Checkpoint.uasset" 2317
"C:/Users/howli/Documents/Unreal Projects/SpriteTest 5.6/Content/Blueprints/BP_Checkpoint.uexp" 2318
"C:/Users/howli/Documents/Unreal Projects/SpriteTest 5.6/Content/Materials/WallMaterial.uasset" 2319
"C:/Users/howli/Documents/Unreal Projects/SpriteTest 5.6/Content/Materials/WallMaterial.uexp" 2320
"C:/Users/howli/Documents/Unreal Projects/SpriteTest 5.6/Content/Climbable_Walls/BP_WallJumps.uasset" 2321
"C:/Users/howli/Documents/Unreal Projects/SpriteTest 5.6/Content/Climbable_Walls/BP_WallJumps.uexp" 2322
"C:/Users/howli/Documents/Unreal Projects/SpriteTest 5.6/Content/Blueprints(TextActors)/BP_SprintText.uasset" 2323
"C:/Users/howli/Documents/Unreal Projects/SpriteTest 5.6/Content/Blueprints(TextActors)/BP_SprintText.uexp" 2324
"C:/Users/howli/Documents/Unreal Projects/SpriteTest 5.6/Content/Blueprints(TextActors)/BP_EndCourseText1.uasset" 2325
"C:/Users/howli/Documents/Unreal Projects/SpriteTest 5.6/Content/Blueprints(TextActors)/BP_EndCourseText1.uexp" 2326
"C:/Users/howli/Documents/Unreal Projects/SpriteTest 5.6/Content/Blueprints(TextActors)/BP_EndCourseText2.uasset" 2327
"C:/Users/howli/Documents/Unreal Projects/SpriteTest 5.6/Content/Blueprints(TextActors)/BP_EndCourseText2.uexp" 2328
"C:/Users/howli/Documents/Unreal Projects/SpriteTest 5.6/Content/Blueprints(TextActors)/BP_EndCourseText3.uasset" 2329
"C:/Users/howli/Documents/Unreal Projects/SpriteTest 5.6/Content/Blueprints(TextActors)/BP_EndCourseText3.uexp" 2330
"C:/Users/howli/Documents/Unreal Projects/SpriteTest 5.6/Content/Blueprints(TextActors)/BP_StartCourseText.uasset" 2331
"C:/Users/howli/Documents/Unreal Projects/SpriteTest 5.6/Content/Blueprints(TextActors)/BP_StartCourseText.uexp" 2332
"C:/Users/howli/Documents/Unreal Projects/SpriteTest 5.6/Content/Blueprints(TextActors)/BP_WallJumpText2.uasset" 2333
"C:/Users/howli/Documents/Unreal Projects/SpriteTest 5.6/Content/Blueprints(TextActors)/BP_WallJumpText2.uexp" 2334
"C:/Users/howli/Documents/Unreal Projects/SpriteTest 5.6/Content/World_Experiment.uexp" 2335
"C:/Users/howli/Documents/Unreal Projects/SpriteTest 5.6/Content/World_Experiment.umap" 2336
"../../../Engine/Content/Maps/Entry_BuiltData.uasset" 2337
"../../../Engine/Content/Maps/Entry_BuiltData.uexp" 2338
"../../../Engine/Content/Maps/Entry.uexp" 2339
"../../../Engine/Content/Maps/Entry.umap" 2340
